City,Longitude,Latitude,Temperature (Fahrenheit),Humidity,Cloudiness,Wind Speed (mph)
Dikson,80.5464,73.5069,26.6,63,100,18.81
Longyearbyen,15.6401,78.2186,17.44,67,20,12.66
Narsaq,-46.05,60.9167,46.62,44,90,3.62
Quatre Cocos,57.7625,-20.2078,79.09,64,38,11.99
Cape Town,18.4232,-33.9258,76.98,40,0,1.99
Nardaran,50.0056,40.5561,65.84,72,75,9.22
Boden,21.6886,65.8252,30.2,75,78,0.98
Bredasdorp,20.0403,-34.5322,72.28,43,0,19.17
Port Alfred,26.891,-33.5906,65.97,56,0,12.33
Upernavik,-56.1549,72.7868,32.14,60,100,10.89
Oruro,-67.15,-17.9833,45.48,59,35,2.77
Qaanaaq,-69.3632,77.484,27.86,63,100,8.25
Clyde River,-68.5914,70.4692,30.81,75,100,1.41
Ushuaia,-68.3,-54.8,40.66,87,75,12.66
Busselton,115.3333,-33.65,58.05,85,50,23.76
Port Elizabeth,25.5701,-33.918,70.09,40,0,5.75
Husavik,-17.3389,66.0449,39.11,89,100,29.86
Severnyy-Kospashskiy,57.8008,59.0925,38.61,73,100,8.14
Rio Novo do Sul,-40.9364,-20.8625,69.4,98,100,5.01
Werneck,10.1,49.9833,49.82,98,100,10.18
Kudahuvadhoo,72.8944,2.6708,81.91,76,58,14.23
Hermanus,19.2345,-34.4187,72.81,45,0,14.03
Albany,-73.9662,42.6001,40.77,86,13,1.01
Salalah,54.0924,17.0151,83.86,60,40,7.72
Hithadhoo,73.0833,-0.6,82.44,72,67,9.01
Tasiilaq,-37.6368,65.6145,21.83,44,0,4.59
Hofn,-15.2082,64.2539,42.03,78,100,22.53
Abu Samrah,37.1841,35.3029,76.48,33,5,10.67
Kita,-9.4895,13.0349,92.64,23,60,4.88
Espinosa,-42.8192,-14.9261,79.52,56,78,4.79
Kathu,98.3332,7.9178,87.69,78,99,5.86
Jamestown,-79.2353,42.097,39.36,98,1,1.01
George Town,100.3354,5.4112,84.4,74,40,7.0
Coquimbo,-71.3436,-29.9533,53.33,93,90,2.3
Timbiquí,-77.6654,2.7717,72.77,97,99,4.68
Dingle,122.6711,10.9995,79.65,89,97,6.76
Bol,14.7147,13.4586,84.83,49,48,5.53
Grindavik,-22.4338,63.8424,43.27,70,0,33.38
Oistins,-59.5333,13.0667,80.69,83,40,10.36
Punta Arenas,-70.9167,-53.15,42.91,75,0,9.22
Ginda,78.4932,30.6945,66.25,79,37,3.31
Rafai,23.9167,4.95,91.94,43,59,2.86
Maun,23.4167,-19.9833,82.36,42,0,12.66
São Filipe,-24.4956,14.8961,82.49,63,4,6.11
Chui,-53.4616,-33.6971,58.48,80,0,2.77
Drezdenko,15.8308,52.8383,60.64,49,93,10.38
Bengkulu,102.2655,-3.8004,78.33,82,100,3.27
Monrovia,-10.7969,6.3005,85.77,72,85,5.23
Bukama,25.85,-9.2,93.74,36,68,7.74
Hamilton,-84.5333,39.1834,46.09,88,90,0.0
Saint-Philippe,55.7679,-21.3585,77.56,73,19,12.28
Mahébourg,57.7,-20.4081,79.09,61,75,13.8
Klaksvík,-6.589,62.2266,52.72,96,100,16.51
Eydhafushi,73.0708,5.1033,82.71,72,30,15.21
Sinnamary,-52.95,5.3833,78.24,87,99,4.34
Gemeente Wageningen,5.6667,51.9667,61.86,94,90,13.8
Timberlake,-79.2575,37.3207,43.77,85,1,0.0
Kruisfontein,24.7314,-34.0033,67.89,39,0,15.59
Akdepe,59.3788,42.0551,73.49,10,31,5.35
Torbay,-52.7314,47.6666,50.11,98,90,9.22
Bathsheba,-59.5167,13.2167,81.21,83,40,10.36
East London,27.9116,-33.0153,72.54,43,0,12.66
Mahajanga,46.3167,-15.7167,95.02,34,20,13.8
Bruneck,11.9364,46.7958,48.78,42,93,1.36
Comodoro Rivadavia,-67.5,-45.8667,57.06,58,0,9.22
Bariloche,-71.3082,-41.1456,37.15,87,0,6.91
Mar del Plata,-57.5575,-38.0023,50.47,60,0,8.01
Nara,135.8049,34.6851,60.04,67,98,6.38
Vikulovo,70.6107,56.8167,55.29,43,100,14.0
Kaspiysk,47.6392,42.8816,57.24,87,75,11.01
Neuquén,-68.0591,-38.9516,48.09,76,0,0.0
Arraial do Cabo,-42.0278,-22.9661,69.66,88,90,8.05
Camacha,-16.3333,33.0833,72.82,73,20,3.44
Taoudenni,-3.9836,22.6783,93.25,11,48,18.1
Grand Gaube,57.6608,-20.0064,79.38,67,34,11.01
Conde,-34.9075,-7.2597,78.26,83,20,3.44
Chebsara,38.8356,59.2002,36.73,85,99,8.75
Shelburne,-80.2041,44.0787,40.95,97,5,8.97
Godineşti,22.9667,45.0,59.27,47,49,3.56
Achim,9.033,53.0112,57.99,88,75,10.36
Malé,73.5089,4.1748,85.95,70,20,10.36
Porto-Novo,2.6036,6.4965,85.82,61,80,6.67
Codrington,141.9667,-38.2667,47.8,90,7,6.26
Rio Grande,-52.0986,-32.035,58.95,73,79,3.06
Iracoubo,-53.2011,5.4802,77.59,88,100,4.32
Ormara,64.6357,25.2088,82.09,49,0,6.06
Roald,6.1333,62.5833,51.73,76,75,12.66
Kholm,32.85,59.2667,34.48,96,100,9.04
Matagami,-77.6328,49.7502,28.51,100,1,3.44
Yar-Sale,70.8333,66.8333,34.54,86,100,8.63
Thompson,-97.8558,55.7435,32.16,86,75,8.05
Lebu,-73.65,-37.6167,51.28,86,1,11.05
Key Largo,-80.4473,25.0865,76.14,62,89,16.73
Agustin Codazzi,-73.2361,10.0341,71.24,82,60,3.65
Tabuk,121.4443,17.4189,75.65,93,100,5.48
Cayenne,-52.3333,4.9333,77.09,91,90,0.0
Kavaratti,72.642,10.5669,82.02,75,96,12.48
Thatta,67.9235,24.7475,94.3,18,0,15.93
San Lorenzo,-57.5333,-25.3333,56.59,87,0,5.01
Crotone,17.1178,39.0851,64.92,62,0,13.15
Faya,42.4509,18.3851,79.32,11,38,12.3
Chililabombwe,27.8229,-12.3648,89.47,24,26,9.19
Tocopilla,-70.1979,-22.092,61.9,64,12,3.49
Andros Town,-77.7667,24.7,78.76,60,53,13.62
Lüderitz,15.1594,-26.6481,77.43,33,0,10.51
Saldanha,17.9442,-33.0117,82.45,53,2,13.2
Urucará,-57.76,-2.5364,75.88,88,92,0.65
São João da Barra,-41.0511,-21.6403,71.69,93,100,12.93
Bhaderwah,75.7186,32.9784,70.61,50,1,4.14
Nadym,72.5167,65.5333,36.43,86,100,12.17
Kuytun,101.5036,54.3419,35.11,80,43,3.85
Hong Kong,114.1577,22.2855,79.66,77,85,1.99
Coruripe,-36.1756,-10.1256,81.16,70,93,11.79
Ribeira Grande,-28.7,38.5167,70.2,68,20,11.5
Abu Kamal,40.9171,34.4506,80.1,34,1,6.69
Muros,-9.0603,42.7762,73.53,70,20,13.02
Camabatela,15.375,-8.1881,66.52,79,100,2.44
Sirte,16.5887,31.2089,74.73,61,91,17.74
Geraldton,114.6,-28.7667,61.21,77,90,20.71
Washington,-120.5015,47.5001,44.19,74,4,3.36
Ostrovnoy,39.5131,68.0531,36.5,65,100,27.02
Sur,59.5289,22.5667,91.49,34,31,4.85
La Santisima Trinidad,-64.9,-14.8333,76.55,44,91,5.1
Bonthe,-12.505,7.5264,85.41,67,86,6.42
Porto Velho,-63.9039,-8.7619,75.25,94,53,2.3
Kopavogur,-21.913,64.1123,42.55,65,100,20.4
Mau,83.55,25.95,76.24,87,100,9.4
Consett,-1.8316,54.854,55.44,94,100,5.44
Trairi,-39.2689,-3.2778,84.7,63,100,12.68
Nantucket,-70.0995,41.2835,48.2,75,69,23.62
Oranjemund,16.4333,-28.55,82.65,22,0,7.2
Pangnirtung,-65.7125,66.1451,32.05,56,100,3.38
Sucúa,-78.1667,-2.4667,65.59,93,95,3.31
Cockburn Town,-71.1419,21.4612,81.77,74,80,8.21
Kutum,24.6667,14.2,89.91,11,9,17.27
Ilulissat,-51.1,69.2167,19.94,64,95,7.67
Cidreira,-50.2056,-30.1811,64.11,66,4,3.18
Madīnat Sittah Uktūbar,31.05,29.8167,79.56,33,12,13.67
Giohar,45.5005,2.7809,87.84,48,78,15.5
Laguna,-121.4238,38.421,44.73,86,16,1.59
Leh,77.5833,34.1667,49.84,28,4,2.26
Colchester,0.9042,51.8892,66.16,78,100,21.07
Riyadh,46.7219,24.6877,94.37,11,5,5.35
Pawai,80.1667,24.2667,79.68,68,97,10.83
Votkinsk,53.9872,57.0486,39.78,53,100,8.66
Puerto del Rosario,-13.8627,28.5004,74.95,73,40,8.05
Santander,-3.8044,43.4647,76.95,65,0,5.01
Constitución,-72.4167,-35.3333,54.72,73,0,4.14
Taltal,-70.4833,-25.4,58.66,71,35,0.89
Los Llanos de Aridane,-17.9182,28.6585,76.75,57,99,12.66
São Félix do Xingu,-51.995,-6.6447,74.66,92,99,2.01
Rawson,-65.1023,-43.3002,61.68,49,0,9.86
Skjervøy,20.9714,70.0311,26.6,77,98,4.12
Beloha,45.05,-25.1667,73.89,66,99,13.85
Santa Inês,-45.38,-3.6667,80.73,80,47,3.56
Kagadi,30.7967,0.9606,78.91,60,100,2.24
La Peca,-78.435,-5.6111,67.12,92,100,2.59
Bongandanga,21.05,1.5,88.83,52,100,3.29
Pisco,-76.2167,-13.7,58.01,90,84,1.54
Sambava,50.1667,-14.2667,79.65,61,74,10.4
Kirovsk,38.6428,48.6375,51.13,33,53,15.48
Belyy Yar,91.3903,53.6039,35.49,87,12,4.47
Caucayá,-74.7819,-0.1934,69.78,99,80,1.03
Nola,14.5329,40.922,70.27,49,7,1.99
Manoel Urbano,-69.2597,-8.8389,71.92,95,93,1.05
Tekeli,78.8239,44.83,53.17,44,8,2.13
Kilindoni,39.6668,-7.9139,79.97,73,39,13.2
Carauari,-66.8958,-4.8828,72.5,99,100,3.91
Porosozero,32.727,62.7191,32.67,80,100,7.78
Rojhan,69.9534,28.6868,99.1,5,0,11.12
Caravelas,-39.2481,-17.7125,81.32,65,52,9.17
Gouré,10.2704,13.9835,99.01,12,20,8.08
Muravlenko,74.523,63.7898,40.71,93,99,16.89
Nanortalik,-45.2371,60.1432,38.39,51,99,2.33
Carballo,-8.691,43.213,73.92,70,30,9.44
Liverpool,-2.9779,53.4106,63.72,88,75,1.99
Arauca,-70.7591,7.0847,73.04,94,81,3.15
Vardø,31.1107,70.3705,35.58,60,40,20.71
Rosetta,30.4164,31.4044,75.74,54,68,13.89
Tarija,-64.7296,-21.5355,51.71,82,90,3.44
Keetmanshoop,18.1333,-26.5833,85.53,4,0,17.31
Brae,-1.353,60.3964,55.31,93,100,10.76
Mbanza-Ngungu,14.8667,-5.25,77.18,67,99,7.65
Mokobeng,27.6678,-22.9965,61.63,60,100,14.18
Antofagasta,-70.4,-23.65,58.28,78,47,0.36
Itapirapuã,-50.6133,-15.8233,73.45,82,100,0.27
Warwick,-71.4162,41.7001,42.57,84,20,11.5
Talcahuano,-73.1167,-36.7167,47.88,93,0,8.05
Axum,38.7244,14.1245,76.23,24,32,16.87
Salamiyah,37.0532,35.0113,76.41,36,12,16.26
Takoradze,-1.7554,4.8845,81.55,77,97,10.38
Vila Velha,-40.2925,-20.3297,71.55,94,90,0.0
Ponta do Sol,-17.1,32.6667,80.91,69,88,0.98
Berlevåg,29.0864,70.8578,35.28,55,75,17.27
Belmonte,-38.8828,-15.8631,81.1,69,82,9.71
Muscat,58.5922,23.6139,90.81,43,5,10.51
Makkah al Mukarramah,39.8261,21.4267,103.08,12,2,14.23
Hesla,85.8833,24.0667,80.13,82,89,8.93
Plouzané,-4.6167,48.3833,64.81,88,90,23.02
Kurdzhinovo,40.9552,43.9884,46.36,88,100,3.8
Poletayevo,61.1138,55.0336,57.02,34,100,13.27
San Miguel,-88.1833,13.4833,72.09,99,100,1.34
Porto Torres,8.3972,40.835,71.78,42,9,4.36
Buchanan,-10.0467,5.8808,87.76,70,93,7.34
Saint George,-113.5841,37.1041,42.21,71,1,0.0
León,-101.6667,21.1167,53.65,62,34,2.73
Castro,-50.0119,-24.7911,55.45,97,100,6.69
Medina,39.6142,24.4686,100.83,8,0,10.36
Vredendal,18.5012,-31.6683,89.74,7,0,8.41
Oxapampa,-75.4017,-10.5775,57.15,96,88,2.93
Fort-Shevchenko,50.263,44.5086,57.76,67,74,12.66
Bambous Virieux,57.7575,-20.3428,79.05,65,75,13.8
Līsakovsk,62.4936,52.5369,60.15,23,100,13.04
Kangaatsiaq,-53.4641,68.3065,26.1,54,50,9.84
Mitsamiouli,43.2844,-11.3847,80.15,66,27,10.83
Praia da Vitória,-27.0667,38.7333,71.85,83,20,11.23
Atar,-13.0499,20.5169,98.58,8,86,16.04
Ust'-Koksa,85.6108,50.2696,37.22,73,10,0.47
Garrel,8.0167,52.95,58.06,93,100,12.91
Araguaína,-48.2072,-7.1911,80.42,71,78,3.74
Honningsvåg,25.9704,70.9821,31.75,86,90,14.97
Pinega,43.3936,64.7001,39.04,76,93,10.87
Rundu,19.7667,-17.9333,96.01,18,40,10.27
Nioro,-15.75,13.35,89.37,56,37,4.83
Balkhash,74.9804,46.844,63.21,25,0,4.47
Abhā,42.5053,18.2164,79.05,11,0,17.27
Naliya,68.8333,23.2667,86.56,41,12,10.89
Nouadhibou,-17.0347,20.931,76.98,78,69,11.5
Baijiantan,85.1833,45.6333,61.5,18,11,6.82
Vasil'yevskiy Mokh,35.919,57.0132,39.81,100,85,8.32
Dakar,-17.4441,14.6937,86.88,67,78,8.23
Goderich,-81.7165,43.7501,55.49,71,0,11.23
Mālūr,77.9378,13.0075,79.99,68,100,8.25
Aswān,32.907,24.0934,95.11,11,0,17.29
Qaqortoq,-46.0333,60.7167,46.9,47,89,3.27
Port Blair,92.75,11.6667,82.2,81,43,10.49
Marsh Harbour,-77.0636,26.5412,77.07,56,99,16.06
Havøysund,24.6622,70.9963,32.23,61,100,9.73
Distrikt Brokopondo,-55.1667,4.75,77.95,83,96,3.0
Rzhishchëv,31.0463,49.9689,51.76,41,28,12.97
Kannauj,79.922,27.0546,78.08,83,80,12.08
Karaton,106.1045,-6.3424,84.96,85,94,6.35
Arlit,7.3853,18.7369,99.81,11,90,3.18
Lucapa,20.7447,-8.4192,86.22,47,80,2.33
Kargopol',38.9456,61.5071,35.33,80,68,9.17
Margate,1.3862,51.3813,67.55,73,81,8.99
Westport,-73.3579,41.1415,44.6,88,1,3.0
Bosaso,49.1816,11.2842,90.37,41,4,11.88
Tartous,35.8866,34.889,77.94,57,6,11.32
Pauini,-66.9764,-7.7136,72.21,97,99,1.41
Ancud,-73.8203,-41.8697,47.73,95,7,3.67
Druzhba,33.9453,52.0428,44.31,57,13,15.57
Muzhi,64.6667,65.3667,33.31,99,100,8.79
Boysun,67.1986,38.2061,66.92,15,64,1.81
Tigzirt,4.1198,36.8886,73.56,44,45,10.92
San Cristobal,-72.225,7.7669,69.98,76,20,1.74
Santa Marta,-74.199,11.2408,75.25,94,75,3.44
Carutapera,-46.02,-1.195,83.1,74,40,6.69
Aden,45.0367,12.7794,87.15,65,26,10.0
Ruswil,8.1265,47.0843,55.78,66,75,2.3
Malanje,16.341,-9.5402,77.38,83,75,0.0
Macusani,-70.4333,-14.0833,38.1,79,72,3.58
Vila Franca do Campo,-25.4333,37.7167,72.01,72,21,9.24
Gao,1.637,16.6362,90.63,27,100,1.88
Amapá,-52.0,1.0,76.08,87,91,1.1
Safi,-9.2372,32.2994,77.05,52,1,6.53
Tripoli,13.1875,32.8752,74.32,54,18,12.55
Khanpur,70.6567,28.6453,99.79,4,0,10.31
Konstanz,9.1758,47.6603,53.65,89,100,3.0
City of San Pedro,121.0167,14.35,83.21,73,20,5.75
Mahon,4.2658,39.8885,72.16,56,40,6.91
Muhafazat Lahij,44.5833,13.1667,92.05,39,21,12.55
Gistrup,9.9909,56.9943,53.78,98,90,4.0
Tías,-13.645,28.9611,71.28,83,20,13.8
Arica,-70.3042,-18.475,59.23,77,90,5.75
Korla,86.1469,41.7597,61.54,19,100,1.61
Madingou,13.55,-4.1536,75.74,84,100,3.04
Mehamn,27.8492,71.0357,31.95,80,20,10.36
Paamiut,-49.6678,61.994,37.4,62,0,4.43
Lichinga,35.2406,-13.3128,75.97,39,59,12.21
Orsha,30.4053,54.5153,42.91,49,19,17.05
Port-Gentil,8.7815,-0.7193,80.56,78,75,11.5
Baghmara,86.2085,23.795,80.53,83,79,8.99
Normandin,-72.5321,48.8333,39.33,87,100,12.66
Jaqué,-78.1703,7.5175,77.99,84,100,2.15
Abnūb,31.1511,27.2696,84.42,22,33,18.95
Zhezkazgan,67.7144,47.8043,61.16,17,5,11.83
Robertsport,-11.3686,6.7533,81.46,75,83,6.8
Trelew,-65.3051,-43.249,63.05,46,0,10.31
Inverness,-4.224,57.4791,57.97,94,20,3.0
Téra,0.7531,14.0078,91.85,40,94,5.86
Hualmay,-77.6139,-11.0964,61.07,89,63,4.99
Santa Vitória do Palmar,-53.3681,-33.5189,59.49,77,0,3.24
Cap Malheureux,57.6142,-19.9842,78.48,69,32,8.99
Saint-Louis,-15.0,16.3333,100.04,14,35,8.41
Raudeberg,5.1352,61.9875,52.7,86,100,13.0
Suceveni,28.0181,46.0122,60.94,37,65,7.74
Florida,-82.5001,28.7505,61.56,90,1,3.44
Eyl,49.8164,7.9803,85.53,60,27,20.87
Chapais,-74.8492,49.7834,35.38,97,100,8.72
Philadelphia,-75.1638,39.9523,44.71,81,1,3.0
Pavino,46.1414,59.1139,35.35,84,100,6.38
Kolosovka,73.611,56.4678,52.61,62,84,11.63
Hinche,-72.0167,19.15,74.62,94,87,1.79
Ramotswa,25.8699,-24.8716,69.42,38,64,13.15
Serik,31.0989,36.9169,80.85,28,0,6.02
Eufaula,-85.1455,31.8913,42.89,93,20,0.0
Saquena,-73.5167,-4.6667,72.81,96,91,1.92
Zilupe,28.1217,56.3862,42.19,45,27,10.2
Athy,-6.9803,52.9914,63.68,91,100,15.9
Ayaviri,-70.5889,-14.8864,46.06,70,82,3.13
Richards Bay,32.0377,-28.783,66.78,54,43,9.1
Lodja,23.4333,-3.4833,71.85,97,100,4.09
Kashgar,75.9797,39.4547,67.21,13,0,6.71
Bud,-86.1758,39.447,45.46,96,0,5.68
Yanam,82.2167,16.7333,93.6,72,99,3.78
Puerto Baquerizo Moreno,-89.6,-0.9,69.15,88,92,9.22
Khorramshahr,48.1664,30.4397,94.96,16,0,13.8
Maţāy,30.7792,28.419,84.56,28,5,16.24
Ubinskoye,79.6802,55.3068,48.0,70,63,6.89
Iqaluit,-68.5145,63.7506,34.7,93,75,23.0
Chapleau,-83.4034,47.8405,37.49,93,1,5.75
Saint-Augustin,-58.6502,51.226,44.56,92,100,25.75
Sørland,12.6934,67.667,39.06,54,100,23.44
Muli,73.5667,2.9167,82.2,76,48,13.49
Cabedelo,-34.8339,-6.9811,83.07,69,38,10.42
Guhāgar,73.1929,17.4842,82.35,68,70,9.28
Bangassou,22.8184,4.7413,91.54,48,88,0.31
Saint Anthony,-93.218,45.0205,51.44,73,1,1.01
Liwale,37.9333,-9.7667,86.23,35,96,5.95
Bilma,12.9164,18.6853,99.57,9,26,15.12
Nuuk,-51.7216,64.1835,38.01,32,1,3.44
Campo Verde,-54.0667,-20.4167,70.81,90,97,5.01
Nouakchott,-15.9785,18.0858,94.93,25,8,14.32
Kushmurun,64.6311,52.4503,61.11,24,78,13.44
Bydgoszcz,18.0076,53.1235,56.73,66,0,8.05
Bereda,-7.5406,43.2686,76.41,58,24,8.1
Mwinilunga,24.4293,-11.7358,83.21,33,73,5.08
Adré,22.2,13.4667,93.47,14,15,14.74
Pangody,74.4859,65.85,33.96,87,100,9.75
La Palma,-118.0467,33.8464,53.33,82,1,3.44
Kayes,-11.0,14.0,92.14,24,53,5.73
Sharan,54.0,54.8167,45.25,58,100,9.26
Talwāra,75.8667,31.9486,82.29,48,0,4.36
Mayumba,10.6554,-3.432,78.89,76,97,5.79
Mossamedes,12.1522,-15.1961,75.83,69,40,14.97
Kemijärvi,27.4306,66.7131,31.69,62,9,6.98
Rabak,32.74,13.1809,100.65,17,40,5.59
Souillac,57.5167,-20.5167,79.18,65,75,13.8
Diósjenő,19.0432,47.9397,59.72,51,99,4.72
Huarmey,-78.1522,-10.0681,64.38,86,100,9.66
Muisne,-80.0333,0.6,74.82,86,100,6.29
Pinar del Río,-83.6981,22.4175,72.77,88,100,8.01
São Raimundo das Mangabeiras,-45.4811,-7.0219,74.41,79,7,2.24
Agropoli,14.9966,40.3469,63.64,71,0,2.21
Kalmunai,81.8167,7.4167,88.47,60,99,9.04
Jacqueville,-4.4146,5.2052,80.51,84,100,6.93
Krasnosel'kup,82.4667,65.7,44.53,78,100,20.47
Barcelos,-8.6151,41.5388,64.08,97,100,6.04
Saint-Joseph,55.6167,-21.3667,77.99,69,33,9.17
Mbale,34.175,1.0821,73.83,71,100,2.28
Urengoy,78.3667,65.9667,39.63,68,85,19.44
Manacapuru,-60.6206,-3.2997,75.78,78,79,0.81
San Juan,-68.5364,-31.5375,67.86,28,2,10.65
Ilhéus,-39.0494,-14.7889,74.44,88,98,4.74
Poconé,-56.6228,-16.2567,76.93,70,78,3.83
Houma,-90.7195,29.5958,71.01,93,100,6.24
Adrar,-10.0711,20.5022,74.39,20,70,14.12
Aquiraz,-38.3911,-3.9014,83.32,68,100,9.66
Humaitá,-63.0208,-7.5061,72.1,94,96,0.49
Hvide Sande,8.1294,56.0045,59.09,100,75,11.5
Bandarbeyla,50.8122,9.4942,83.73,59,8,9.8
Morondava,44.2833,-20.2833,82.54,57,0,9.51
Ambilobe,49.05,-13.2,93.33,28,15,3.24
Tazovsky,78.7,67.4667,35.58,86,96,20.18
The Valley,-63.0578,18.217,82.26,76,66,14.16
Jalu,21.5482,29.0331,72.37,50,0,12.41
Koslan,48.8989,63.4564,32.04,77,100,9.64
Sol'-Iletsk,54.9918,51.1631,37.81,95,100,9.1
Kiryat Gat,34.7642,31.61,71.29,100,85,5.12
Kathmandu,85.3167,27.7167,73.62,83,75,3.44
Anamur,32.8369,36.0751,69.82,36,0,1.72
Sikeston,-89.5879,36.8767,51.85,100,1,0.0
Rājsamand,73.8833,25.0667,87.31,25,0,8.55
Puerto Ayora,-90.3518,-0.7393,69.55,90,100,6.44
Olafsvik,-23.7142,64.8945,35.24,67,98,14.38
Skotterud,12.1283,59.9828,48.04,98,100,11.12
Sisimiut,-53.6735,66.9395,30.45,61,83,7.7
Pemba,40.5178,-12.974,80.22,69,75,15.01
Omboué,9.2618,-1.5746,78.44,81,97,5.32
Zhangaözen,52.8,43.3,54.1,53,97,16.42
Tanout,8.8879,14.9709,84.58,17,41,8.79
Thinadhoo,72.9333,0.5333,83.1,74,34,12.88
Putina,-69.4333,-15.4667,45.3,70,90,4.34
Tourlaville,-1.5664,49.6383,60.33,94,90,21.85
Piet Retief,30.8132,-27.0071,66.56,41,0,2.55
Garoowe,48.4845,8.4054,82.6,50,41,5.12
Torrington,-73.1212,41.8007,50.76,80,3,3.8
Chlórakas,32.4083,34.8042,73.06,67,0,3.44
Khorixas,14.9667,-20.3667,76.1,16,96,0.72
Ilhabela,-45.3581,-23.7781,62.47,94,100,7.58
Bulawayo,28.5833,-20.15,55.87,77,100,13.24
Nísia Floresta,-35.2086,-6.0911,79.18,76,100,6.8
Sjøvegan,17.8474,68.8726,29.66,84,100,10.25
Lohja,24.0653,60.2486,41.49,100,100,14.29
Reinosa,-4.138,42.9996,55.15,91,100,9.35
Câmara de Lobos,-16.9667,32.6333,72.25,65,20,10.36
La Asuncion,-63.8628,11.0333,89.33,70,97,11.5
Serowe,26.7167,-22.3833,58.19,64,97,14.34
La Maná,-79.2167,-0.9333,81.9,92,100,0.63
Maniitsoq,-52.9,65.4167,34.29,49,12,8.41
Wattegama,81.4808,6.7989,88.72,43,66,3.8
Nazca,-74.95,-14.8333,67.03,63,100,1.7
Valparaíso,-71.6273,-33.0393,57.24,87,90,4.61
Lagoa,-27.9833,39.05,68.32,66,100,10.33
Coxim,-54.76,-18.5067,73.85,80,23,8.77
Tsaratanana,47.65,-16.7833,86.45,30,3,8.63
Imbituba,-48.6703,-28.24,61.83,81,92,3.2
Baní,-70.3333,18.2833,78.85,84,40,6.35
Santo Antônio do Leverger,-56.0767,-15.8656,77.38,77,18,2.66
Abalak,68.5944,58.1286,49.24,53,100,2.93
Birao,22.7882,10.2849,82.94,61,100,5.26
San Miguel de Tucumán,-65.2226,-26.8241,60.8,55,8,3.44
Touros,-35.4608,-5.1989,76.1,80,78,9.22
La Bañeza,-5.8977,42.3003,55.99,91,6,10.13
İstisu,48.0738,40.9457,52.47,95,100,8.48
Sayyan,44.3244,15.1718,64.78,22,96,17.83
Polunochnoye,60.4153,60.8697,36.63,60,64,7.31
Nioki,17.6833,-2.7167,71.87,97,100,2.98
Ugoofaaru,73.0,5.6667,81.59,70,100,15.7
Machinga,35.3,-15.1685,66.24,49,60,3.87
Mosquera,-74.2302,4.7059,50.09,93,20,3.44
Yuzhnyy,83.6936,53.2542,53.98,40,0,4.47
Strezhevoy,77.5889,60.7333,53.58,67,100,12.15
Jardim,-56.1381,-21.4803,63.66,89,0,1.45
Sukhumi,41.0153,43.0033,58.5,63,73,1.86
Tessalit,1.0114,20.1986,71.37,24,0,8.39
Port Hawkesbury,-61.3485,45.6169,43.66,96,1,1.01
Disna,28.1971,55.568,41.29,84,100,16.15
Grand-Santi,-54.3833,4.25,71.74,99,100,1.57
San Francisco,-122.4194,37.7749,58.15,65,75,4.0
Bubaque,-15.8333,11.2833,82.94,74,91,14.05
Peniche,-9.3811,39.3558,64.09,94,2,4.34
Kankan,-9.3057,10.3854,71.92,95,100,2.57
Lobito,13.5456,-12.3481,77.18,71,94,1.48
Vangaindrano,47.6,-23.35,79.02,66,85,3.42
Kletskaya,43.0584,49.3145,39.11,84,100,14.05
Saint-François,3.9054,46.4154,44.04,100,0,2.3
Pastos Bons,-44.0767,-6.6017,72.28,81,16,2.8
Henties Bay,14.2845,-22.116,57.85,81,100,5.12
Zaraza,-65.3245,9.3503,73.26,94,30,3.89
Paraná,-60.5238,-31.732,61.54,61,0,8.01
Gunjur,-16.7339,13.2019,78.87,94,20,4.61
Emba,58.1442,48.8264,44.73,82,100,20.07
Bahía Honda,-83.1592,22.9036,76.19,83,100,9.13
Mwene-Ditu,23.45,-7.0,69.58,91,100,2.77
Mabaruma,-59.7833,8.2,71.6,93,93,2.04
Gur'yevsk,85.9333,54.2833,53.83,43,100,4.32
Beira,34.8389,-19.8436,68.09,72,75,15.01
Coyhaique,-72.0662,-45.5752,51.75,87,0,4.61
Murmansk Oblast,34.0,68.0,26.4,75,100,2.66
Salinas,-121.6555,36.6777,54.99,78,100,2.53
Pleszew,17.7855,51.8964,56.61,69,100,14.27
Soyo,12.3689,-6.1349,77.05,83,100,7.94
Kungälv,11.9805,57.871,57.61,98,100,1.99
Tuluá,-76.1954,4.0847,49.57,94,92,1.34
Porto Walter,-72.7439,-8.2686,70.7,98,100,2.48
Mlalo,38.9333,-4.9333,85.14,51,79,12.73
Paita,-81.1144,-5.0892,64.47,87,64,9.42
Misratah,15.0925,32.3754,72.5,66,25,12.24
Talnakh,88.3972,69.4865,32.74,98,100,17.56
Vilhena,-60.1458,-12.7406,67.01,95,19,1.88
Moundsville,-80.7431,39.9203,49.21,93,100,3.67
Zahnitkiv,28.8958,48.0446,46.99,68,100,8.41
Natal,-35.2094,-5.795,79.02,83,20,6.91
Aracati,-37.7697,-4.5617,79.03,74,84,9.51
Bonavista,-53.1147,48.6499,42.8,92,92,6.89
Grand-Lahou,-5.0242,5.1367,77.68,87,100,5.64
Najrān,44.1277,17.4924,81.25,19,16,14.74
Chalmette,-89.9634,29.9427,73.24,84,100,4.0
Santa Maria,-53.8069,-29.6842,50.72,97,4,5.35
Rørvik,11.2373,64.8621,42.91,100,75,9.22
Juba,31.5825,4.8517,82.13,64,100,3.27
Gouyave,-61.7296,12.1646,79.57,78,20,13.8
Dzerzhinsk,43.4631,56.2389,36.82,86,90,8.95
Ipatovo,42.9036,45.7181,48.63,38,7,19.3
Cascais,-9.4215,38.6979,63.57,83,40,3.0
Harper,-7.7169,4.375,77.77,86,100,4.94
Arua,30.9111,3.0201,73.0,76,100,6.87
Sistranda,8.834,63.7256,44.56,93,100,12.64
Suslovo,88.1167,56.2167,51.75,42,8,7.34
Kaputa,29.6619,-8.4689,80.92,44,6,8.28
Santa Fe,-60.7,-31.6333,61.99,64,0,1.01
Avanigadda,80.9181,16.0215,93.34,72,100,4.59
Hendaye,-1.7738,43.3717,73.58,53,20,9.22
Mikhaylovka,43.2379,50.06,37.18,86,96,10.0
Marmaris,28.2742,36.855,70.12,42,0,4.12
Sharlyk,54.75,52.9167,38.55,71,100,15.57
Joshīmath,79.5667,30.5667,73.27,56,6,6.78
Koungheul,-14.8,13.9833,74.34,67,2,7.0
Moura,-7.4486,38.1401,64.08,71,100,3.38
Morwa,73.8333,22.9,86.0,44,3,5.41
Ati,18.3353,13.2154,87.51,20,73,12.59
Inírida,-67.9239,3.8653,72.05,97,63,1.57
Tyup,78.3648,42.7276,57.18,47,90,4.45
São Gabriel da Cachoeira,-67.0892,-0.1303,72.34,99,100,0.51
Chunian,73.9803,30.964,95.04,11,0,4.68
Turbat,63.044,26.0023,88.7,30,0,6.93
Maceió,-35.7353,-9.6658,74.64,100,0,5.75
Esim,-2.2405,4.8699,78.87,85,100,5.88
Balsas,-46.0356,-7.5325,75.7,72,80,0.49
Thurso,-3.5259,58.5927,49.39,82,42,28.7
Kyzyl-Suu,78.0056,42.3414,54.37,49,13,5.17
Plettenberg Bay,23.3716,-34.0527,68.56,45,0,6.98
Havre-St-Pierre,-63.5986,50.2334,44.96,100,90,9.22
Göksun,36.4973,38.021,54.55,48,0,8.99
Mocuba,36.9856,-16.8392,77.38,68,89,8.86
Salinópolis,-47.3561,-0.6136,78.53,84,33,8.72
Pečky,15.0302,50.0904,55.45,66,100,4.23
Sabha,14.4283,27.0377,65.21,70,100,15.95
Mandsaur,75.0667,24.0667,82.92,45,7,8.05
Hobyo,48.5268,5.3505,82.65,68,98,13.02
Itaituba,-55.9836,-4.2761,72.66,93,22,2.33
Umluj,37.2685,25.0213,84.38,52,0,8.79
La Serena,-71.2542,-29.9078,54.14,88,100,2.1
Goianésia,-49.1175,-15.3175,71.01,76,87,1.72
Estelle,-90.1067,29.8458,73.53,83,100,1.01
Hearst,-83.6665,49.6835,40.84,85,100,8.9
Östersund,14.6357,63.1792,37.85,100,75,11.5
Satka,59.04,55.0425,34.81,95,100,4.76
Qasigiannguit,-51.1922,68.8193,30.45,68,100,5.7
Burla,83.8667,21.5,90.34,55,20,4.94
Smiths Falls,-76.0161,44.9001,49.42,95,1,6.13
Boké,-14.2967,10.9409,74.71,97,61,1.43
Koltubanovskiy,52.0269,52.9407,41.97,50,87,11.77
Padang,100.3543,-0.9492,82.45,82,100,1.97
Hambantota,81.1185,6.1241,89.94,70,40,5.75
Andenes,16.1194,69.3143,33.78,69,75,34.52
La Rioja,-2.5,42.25,52.66,74,100,5.01
Urambo,32.05,-5.0667,80.31,42,100,10.07
Bandiagara,-3.6104,14.3501,79.41,68,47,5.7
Złotoryja,15.9198,51.1264,56.37,67,100,8.72
Pascagoula,-88.5561,30.3658,69.82,93,100,10.8
Voghera,9.0086,44.9947,54.16,80,100,1.12
Santa Rita,-34.9781,-7.1139,74.98,84,31,6.2
Saryozek,77.9753,44.3583,65.8,17,95,9.01
Dokka,10.0618,60.84,49.41,99,100,1.77
Pervomayskoye,46.7102,43.919,54.18,47,86,17.74
Santa Rosa,121.1114,14.3122,83.43,77,100,11.34
Gerāsh,54.1371,27.6652,84.65,27,0,2.1
Terråk,12.3715,65.087,44.19,92,100,9.89
Sargatskoye,73.4972,55.6101,52.07,38,74,12.26
Lagos,3.75,6.5833,76.98,91,100,2.86
Kānkon,74.0167,15.0167,83.77,68,25,9.8
Chancay,-77.2672,-11.5714,63.32,90,100,5.44
Libertador General San Martín,-64.7876,-23.8064,63.97,60,27,2.35
Pontal,-48.0372,-21.0225,61.2,91,100,6.51
Derbent,48.2899,42.0678,55.24,60,100,3.22
Ilebo,20.5833,-4.3167,77.74,76,100,0.96
Tsabong,22.401,-26.0217,69.03,43,71,24.0
Krasnyy Oktyabr',38.8833,56.1167,34.38,67,30,6.55
Kiruna,20.2251,67.8557,20.32,93,90,11.5
Itarema,-39.9167,-2.9248,78.46,81,69,8.25
Saint-Pierre,55.4781,-21.3393,78.69,61,20,8.05
Wilmington,-77.9447,34.2257,56.59,93,99,1.01
Wādi,76.9833,17.0667,85.78,49,99,6.89
Orange Walk District,-88.8333,17.8333,72.46,99,88,1.72
Casa Nova,-41.1333,-9.4167,79.2,56,6,16.64
Storforshei,14.5233,66.4043,33.19,86,75,11.5
Luanda,13.2343,-8.8368,74.93,78,100,3.56
Allonnes,0.1581,47.9674,60.82,94,75,10.36
Nibbar,8.7666,36.2941,59.09,76,4,3.31
Manta,-80.7333,-0.95,72.73,83,100,5.61
Doka,35.7667,13.5167,86.58,40,27,1.9
Aleksandrov Gay,48.5704,50.147,42.57,65,49,15.55
Dekar,21.9333,-21.5333,67.57,51,11,15.23
Härnösand,17.9379,62.6323,43.12,98,100,10.76
Povenets,34.8262,62.8487,31.82,71,100,9.55
Montepuez,38.9997,-13.1256,83.32,42,14,6.71
Alta Floresta,-56.0861,-9.8756,69.87,85,100,1.74
Coro,-69.6734,11.4045,78.57,85,12,9.53
Sari,53.0601,36.5633,69.53,63,56,3.76
Carnarvon,113.6333,-24.8667,70.12,58,3,13.04
Sharjah city,55.4033,25.3573,95.25,47,3,3.58
Copiapó,-70.3333,-27.3667,55.45,79,16,1.77
Porto Santo,-16.3415,33.072,70.16,88,20,8.05
Am Timan,20.2827,11.0297,81.1,66,97,3.74
Rūdbār,62.6,30.15,87.37,7,0,5.26
Abonnema,6.7931,4.7084,75.31,90,100,1.32
Keflavik,-22.5624,64.0049,32.43,69,20,24.16
Moreira Sales,-53.0069,-24.0622,58.87,92,8,8.7
Olbia,9.4856,40.9214,55.45,82,0,4.61
Kaduy,37.15,59.2,32.04,80,41,5.66
Boda,17.4695,4.3189,71.67,96,100,2.57
Āsbe Teferī,40.8667,9.0833,73.33,31,43,3.91
Ajdabiya,20.2263,30.7554,70.56,55,81,11.83
Altay,88.1167,47.8667,55.09,37,0,3.4
Varhaug,5.6457,58.6147,54.25,94,100,15.79
San Fernando del Valle de Catamarca,-65.7852,-28.4696,63.59,38,0,13.78
Oskarshamn,16.4484,57.2645,58.98,95,100,16.17
Alūr,75.9833,12.9833,78.3,60,100,3.87
Contamana,-75.0167,-7.3333,70.72,99,100,1.88
Saint-Junien,0.9,45.8833,60.82,82,100,9.33
Trencin,18.25,48.8333,50.05,79,97,4.61
Asunción,-57.6359,-25.3007,59.18,73,0,4.27
Bauchi,10.0,10.5,79.79,58,57,2.55
Necochea,-58.7368,-38.5473,46.04,82,0,9.57
Havelock,-76.9013,34.8791,56.25,86,7,5.82
Marsá Maţrūḩ,27.2453,31.3525,72.54,57,2,7.49
Termoli,14.9895,41.9888,62.26,60,0,4.83
Cururupu,-44.8683,-1.8283,73.47,94,6,2.98
Kavos,22.8322,38.8268,57.2,74,0,1.77
Cartagena,-75.5144,10.3997,79.79,87,73,10.42
Bria,21.9863,6.5423,71.87,95,100,5.26
Novoagansk,76.6625,61.9449,46.78,73,100,11.79
Ode,5.7117,7.7899,71.89,91,100,2.71
Zanesville,-82.0132,39.9404,46.9,95,1,0.0
São Mateus,-39.8589,-18.7161,70.88,96,100,5.03
Lieksa,30.0167,63.3167,32.63,72,100,16.49
Sabang,95.3214,5.8933,77.59,88,100,7.52
Ngerengere,38.1167,-6.75,83.82,48,95,5.32
Rocha,-54.3333,-34.4833,49.14,95,0,5.79
Pimenta Bueno,-61.1936,-11.6725,72.64,85,95,1.72
Salmās,44.7653,38.1973,56.39,42,52,4.79
Maraã,-65.3667,-1.8333,73.49,92,20,2.82
Ballina,153.5667,-28.8667,66.36,89,100,12.17
Nefteyugansk,72.6035,61.0998,50.25,72,100,9.42
Tonantins,-67.8022,-2.8731,72.28,99,98,2.19
Mgandu,34.1333,-5.95,75.02,45,47,13.13
Pokhara,83.9833,28.2333,70.18,94,100,0.65
Zalaszentgrót,17.0792,46.9447,43.48,73,17,10.56
Ponta Delgada,-25.6667,37.7333,65.12,77,20,3.44
Fes,-4.9998,34.0372,57.45,47,0,4.61
Fianarantsoa,47.0833,-21.4333,75.52,41,93,10.0
Santa Isabel Rio Negro,-65.0192,-0.4139,72.45,92,74,2.64
Kitob,66.8332,39.0843,70.38,10,99,5.86
Hargeisa,44.065,9.56,78.6,23,90,11.32
Ipixuna,-48.8043,-1.7625,76.95,98,21,2.82
Yangambi,24.4336,0.8102,68.38,99,100,2.13
Ust'-Kulom,53.6902,61.6864,33.89,76,100,7.11
Massakory,15.7293,12.996,90.97,19,10,2.84
Oromocto,-66.4792,45.8351,44.44,89,100,3.0
Arrecife,-13.5477,28.963,69.78,88,20,8.05
Msanga,36.0333,-6.05,78.04,44,91,9.86
Marrakesh,-8.0083,31.6315,62.67,55,0,2.3
Fethiye,29.1164,36.6217,71.47,33,0,2.28
Buciumi,23.0667,47.0333,31.21,69,100,3.06
Masuguru,38.4167,-11.3667,87.89,39,35,4.25
Mulchén,-72.2333,-37.7167,48.18,90,21,1.59
Calceta,-80.1667,-0.85,73.31,88,100,2.42
Algiers,3.042,36.7525,49.82,71,20,1.14
Tucuruí,-49.6725,-3.7661,72.84,95,91,2.82
Solenzo,-4.0833,12.1833,75.45,82,43,4.85
Kargil,76.1,34.5667,50.0,15,0,2.15
Puerto Madryn,-65.0385,-42.7692,61.2,56,0,12.64
Onega,38.1404,63.9061,31.15,76,100,6.33
Vestmannaeyjar,-20.2734,63.4427,34.79,57,3,19.17
Marawi,124.2928,7.9986,75.06,90,100,2.95
Sonīpat,77.0167,28.9833,82.4,34,0,6.31
Anjār,70.0167,23.1333,87.69,35,0,7.07
Karpathos,27.2132,35.507,69.76,60,20,37.98
Abū Zabad,29.25,12.35,89.38,32,100,4.74
Adrian,-84.0372,41.8975,49.71,83,1,3.44
Malindi,40.1191,-3.2175,82.4,66,80,14.92
Devrek,31.9558,41.2192,54.45,63,6,1.86
Guarujá,-46.2564,-23.9931,62.53,26,100,14.41
Reconquista,-59.65,-29.15,57.49,67,0,6.69
Walvis Bay,14.5053,-22.9575,58.08,83,100,10.11
Viedma,-62.9967,-40.8135,57.99,39,0,10.36
Troitskoye,84.6757,52.9821,53.76,45,73,5.61
Saltpond,-1.0606,5.2091,77.4,89,100,6.71
Pasni,63.471,25.2631,81.43,63,0,8.57
Siderno,16.302,38.2779,67.62,63,0,4.38
Bull Savanna,-77.5902,17.8868,76.37,83,45,3.13
Rāwah,41.9093,34.4816,76.05,37,0,11.56
Ibicuí,-39.9867,-14.8417,68.7,96,78,3.6
Vågåmo,9.0967,61.8751,39.45,100,100,5.73
Juruti,-56.0922,-2.1522,73.26,92,38,2.71
Akçakoca,31.1162,41.0866,57.18,60,0,4.43
Khor,134.9464,47.8861,36.57,42,6,4.9
Dhidhdhoo,73.1,6.8833,81.41,75,87,14.25
Daşoguz,59.9666,41.8363,67.95,21,0,11.5
Patan,85.3333,27.6667,71.98,88,75,6.91
San Andrés,-81.7006,12.5847,82.98,77,91,10.8
Karachev,34.9852,53.1229,31.89,66,100,5.82
El Batey,-70.5167,19.7667,74.23,83,40,4.83
Mīnāb,57.0801,27.1467,90.9,35,0,6.85
Portmore,-76.8672,17.9702,74.97,97,18,3.2
Ous,61.5186,60.9058,37.06,64,100,6.55
Assiut,31.1837,27.181,76.15,41,0,15.64
Chik,82.4311,54.9928,55.15,38,0,8.95
Albion,-84.753,42.2431,48.94,85,1,0.0
Vallenar,-70.7581,-28.5708,54.57,78,5,1.68
Springbok,17.8865,-29.6643,76.93,27,91,26.24
Anloga,0.8973,5.7947,79.47,83,100,7.72
Prado,-39.2208,-17.3411,72.0,95,100,6.4
Samaná,-69.3369,19.2056,77.76,90,93,6.2
Abu Dhabi,54.3667,24.4667,91.42,55,0,3.44
Mora,14.1401,11.0461,86.79,40,45,5.19
Sumbawanga,31.6167,-7.9667,71.02,48,14,7.87
Kautokeino,23.0412,69.0125,19.62,93,100,9.06
Kajaani,27.7285,64.2273,28.45,93,90,17.27
Harmanli,25.9,41.9333,53.96,72,36,1.97
Podgornoye,39.1496,51.735,37.62,81,75,13.42
Bethanien,17.1583,-26.502,78.85,24,100,15.9
São José de Ribamar,-44.0542,-2.5619,80.98,81,6,11.14
São Francisco,-44.8644,-15.9486,70.25,94,100,1.45
Otavi,17.3333,-19.65,73.92,53,40,21.72
Española,-106.0806,35.9911,44.94,42,0,3.13
Cochrane,-114.4687,51.1834,34.23,68,0,6.89
Kindu,25.95,-2.95,71.1,99,100,0.87
Ponte de Sôr,-8.0101,39.2496,59.22,84,100,2.19
Sinnai,9.2036,39.3042,51.94,94,0,3.44
Mogadishu,45.3438,2.0371,81.39,75,56,12.17
Kalemie,29.1947,-5.9475,74.44,79,100,8.57
Guadalajara,-103.3333,20.6667,64.58,96,1,0.0
Caraquet,-64.9386,47.7941,45.59,94,100,4.38
Lahijan,50.0029,37.2061,60.58,96,100,4.03
Wāshīm,77.15,20.1,80.65,51,7,8.12
Gadsden,-86.0066,34.0143,49.08,98,83,0.0
Holice,15.9859,50.066,54.88,88,0,1.99
Deep River,-77.4995,46.1001,46.15,89,6,6.49
Wagar,36.2032,16.1525,91.72,29,100,14.61
Sakhnovshchyna,35.872,49.1517,40.87,50,11,6.64
Rock Hill,-81.0251,34.9249,51.26,87,1,0.0
Santa Ana,-117.8678,33.7456,56.28,78,1,0.0
Buraidah,43.975,26.326,87.13,16,0,8.39
Piedecuesta,-73.0495,6.9879,64.24,78,83,5.64
Krasnyy Kholm,37.1203,58.0607,33.24,67,37,7.81
Turukhansk,87.9833,65.8167,41.18,86,100,19.35
Dolores,-57.6792,-36.3132,49.77,93,0,4.59
Arrondissement de Narbonne,2.8333,43.0833,59.77,87,70,1.03
Ifakara,36.6833,-8.1333,86.0,43,33,5.37
Kharp,65.8081,66.8014,32.74,82,100,9.15
Libenge,18.6333,3.65,74.3,91,100,3.27
St. Pete Beach,-82.7412,27.7253,69.84,71,44,4.0
Tevriz,72.4042,57.509,50.16,49,100,9.28
Santa Cruz de la Sierra,-63.1667,-17.8,72.86,68,75,4.61
Yārāda,83.2667,17.65,84.52,84,75,3.44
Ayagoz,80.4392,47.9714,62.4,17,0,15.88
Berbérati,15.7922,4.2612,68.74,99,100,0.04
Formosa do Rio Preto,-45.1931,-11.0483,74.75,68,100,0.65
Batangafo,18.2833,7.3008,72.5,95,98,6.24
Coihueco,-71.8333,-36.6167,51.15,81,60,4.07
Yashkul',45.3435,46.1711,49.15,41,28,19.17
Tortolì,9.6572,39.9256,62.71,62,7,2.28
Nieuw Nickerie,-56.9833,5.95,78.42,84,97,9.22
São Miguel,-35.3667,-5.4667,75.97,78,65,9.98
Thika,37.0693,-1.0333,67.01,56,100,7.7
Miandrivazo,45.4667,-19.5167,93.11,34,1,7.63
Forest,-79.2897,37.3638,50.32,85,1,0.0
Tres Arroyos,-60.2798,-38.3739,47.86,79,3,9.55
Kayerkan,87.7602,69.3497,33.3,99,100,14.5
Kamenka,42.7678,51.3223,39.11,65,11,11.68
Oranjestad,-70.027,12.524,82.35,78,20,10.36
Carbonear,-53.2148,47.7332,49.95,89,100,4.0
Novosibirsk,82.9344,55.0411,54.7,38,0,8.95
Iskateley,53.1512,67.6803,34.57,99,100,5.79
Nizwá,57.5333,22.9333,89.69,23,0,6.71
Adwa,38.8955,14.1646,72.54,37,86,16.98
Poddor'ye,31.1156,57.4695,35.82,66,100,13.13
Abadan,58.2056,38.0507,67.73,34,75,6.91
Micheweni,39.8333,-4.9667,82.11,66,70,10.71
Cinnaminson,-74.9927,39.9968,55.76,72,1,1.01
Ribeira Brava,-17.0667,32.65,72.37,47,47,3.6
Portsmouth,-1.0913,50.799,60.1,96,0,8.99
Puerto Cabezas,-83.3888,14.0351,75.43,92,100,4.43
Quetta,67.0097,30.199,76.55,12,0,6.38
Mattru,-11.8332,7.6244,73.94,97,100,0.4
Kodino,39.6447,63.7198,30.83,81,99,6.08
Drabiv,32.1529,49.963,41.5,64,100,7.87
Port Shepstone,30.455,-30.7414,65.86,69,0,16.28
Maicao,-72.2432,11.3832,78.4,81,6,5.19
Mumbai,72.8479,19.0144,89.58,51,40,4.61
Inongo,18.2667,-1.95,72.46,95,99,4.56
Deūlgaon Rāja,76.0333,20.0167,82.15,41,5,6.96
Boca do Acre,-67.3978,-8.7522,71.55,99,71,2.1
Pitimbu,-34.8086,-7.4706,73.99,79,21,8.95
Meleuz,55.9167,52.9667,38.84,68,100,17.74
Témiscaming,-79.0971,46.7212,51.67,90,76,4.41
Miracema do Tocantins,-48.3967,-9.5618,76.55,67,100,2.42
Chicama,-79.1469,-7.8447,65.64,85,100,6.24
Balad,44.1453,34.0164,82.33,30,5,8.75
Tubualá,-79.0333,9.5167,69.01,83,92,2.62
Kirkwall,-2.9587,58.9848,52.29,86,75,27.63
Biltine,20.9167,14.5333,88.45,15,10,22.39
Starachowice,21.0713,51.0374,54.41,64,100,15.01
Nālūt,10.85,30.3333,63.68,74,2,25.08
Kingussie,-4.0523,57.08,47.1,82,61,18.61
Ambovombe,46.0833,-25.1667,71.08,78,100,13.65
Constantine,6.6147,36.365,57.72,48,13,4.79
São José da Coroa Grande,-35.1478,-8.8978,75.63,85,28,6.8
Kismayo,42.5454,-0.3582,82.78,67,100,13.62
Presidencia Roque Sáenz Peña,-60.4388,-26.7852,55.98,56,0,6.58
Saint Andrews,-81.1293,34.0454,51.35,87,1,0.0
Anuradhapura,80.4173,8.3565,92.3,48,92,6.82
Villa Sandino,-84.9936,12.0483,70.66,98,100,4.54
Karlskrona,15.5866,56.1616,57.65,95,100,22.03
Conchas,-48.0106,-23.0153,55.87,90,100,14.47
Cua,-66.8858,10.1589,77.11,95,76,2.68
Cienfuegos,-80.4356,22.1461,73.54,100,100,5.75
Syracuse,15.2792,37.0881,63.05,71,0,2.95
Horasan,42.1728,40.0458,46.96,56,34,2.77
Årdalstangen,7.6983,61.2371,54.09,100,100,4.38
Holetown,-59.6381,13.1867,81.16,71,7,15.3
Bam,58.357,29.106,87.76,17,0,4.76
Jumla,82.1838,29.2747,66.65,73,3,4.88
Voinka,33.9914,45.8699,50.67,37,2,3.87
Yako,-2.2667,12.9667,76.95,77,14,5.1
Killybegs,-8.45,54.6333,50.45,67,65,12.37
Alberton,-64.0654,46.8168,46.26,87,100,5.64
Iquique,-70.1431,-20.2208,59.92,72,9,4.63
Farnes,7.8,61.3167,49.08,100,100,4.56
Ţahţā,31.5021,26.7693,76.59,41,0,14.85
Knysna,23.0471,-34.0363,59.38,36,0,4.14
Barentu,37.5928,15.1139,86.76,24,9,17.0
Gornopravdinsk,69.9,60.05,44.73,86,100,6.17
Ambo,-76.2047,-10.1308,60.3,89,100,2.59
Atasū,71.6433,48.6814,57.06,30,100,13.65
Teguise,-13.564,29.0605,66.42,88,20,8.05
Yenagoa,6.2642,4.9247,75.72,93,98,1.83
Sawākin,37.3321,19.1059,86.32,59,68,10.87
Aktas,72.9608,49.7789,60.55,24,100,15.41
Mount Darwin,31.5838,-16.7725,65.17,71,100,12.26
Cernat,26.0333,45.95,53.1,71,54,1.59
Cotonou,2.4183,6.3654,80.17,82,100,8.3
Mangai,19.5333,-4.05,71.94,94,100,1.34
Le Vauclin,-60.8388,14.5452,75.25,94,20,3.44
Dovers,-61.1833,12.8833,83.16,66,11,18.25
Beyneu,55.2,45.3167,53.58,51,91,21.65
Igarka,86.5833,67.4667,40.32,91,100,19.51
Esfarāyen,57.5101,37.0765,64.71,40,32,2.91
Kreuztal,7.9833,50.9667,53.92,89,100,9.57
Kalāleh,55.4916,37.3807,68.13,61,89,4.29
Novokuznetsk,87.1099,53.7557,51.3,45,100,3.22
Ploemeur,-3.4333,47.7333,61.52,99,75,16.11
Altamira,-52.2064,-3.2033,72.28,96,75,1.63
Delvinë,20.0978,39.9511,57.07,66,2,2.15
Bousso,16.7117,10.4795,82.02,68,100,7.16
Frunze,38.7544,48.6686,41.92,54,14,10.94
Darnah,22.6367,32.767,70.81,62,23,7.11
Guararé,-80.2833,7.8167,77.2,92,100,6.15
Shache,77.2406,38.4167,66.58,13,100,4.25
Luján,-59.105,-34.5703,53.44,89,0,6.73
Florø,5.0328,61.5996,52.07,100,75,25.32
Tegul'det,88.1667,57.3064,50.41,50,15,5.66
Intipucá,-88.0544,13.1969,74.68,94,100,1.79
Marzuq,46.4667,14.4,82.04,24,97,8.37
Januária,-44.3667,-15.4833,70.65,93,47,2.46
Chipinge,32.6236,-20.1883,56.57,73,100,4.21
Minsk,27.5667,53.9,40.75,84,100,16.28
Kem',34.5793,64.9555,30.16,64,100,7.7
Province of Trapani,12.6667,37.8333,63.52,74,5,2.84
Gweta,25.2333,-20.1833,69.26,54,0,14.47
Esmeraldas,-44.3139,-19.7625,67.06,94,100,5.41
Goya,-59.2626,-29.14,57.49,70,0,5.73
Verāval,70.3667,20.9,83.62,53,0,5.59
Córdoba,-64.1811,-31.4135,55.26,58,0,4.61
Miquelon,-56.3814,47.0975,51.1,83,100,21.5
Durban,31.0292,-29.8579,67.01,74,0,5.01
Aasiaat,-52.8699,68.7098,25.18,80,100,10.83
Três Lagoas,-51.6783,-20.7511,63.91,90,69,8.25
Bāfq,55.4107,31.6128,83.1,8,0,5.7
Mitzic,11.549,0.7821,68.76,98,100,2.33
Jacmel,-72.5347,18.2342,78.64,83,53,4.0
Nowshera,71.9977,34.0058,88.48,30,0,2.13
Qandala,49.8728,11.472,86.99,38,16,5.3
Koutiala,-5.4642,12.3917,74.26,85,42,6.24
Shīeli,66.75,44.1667,65.64,15,100,8.9
Mana,-53.7767,5.6592,78.64,85,24,8.79
Volokolamsk,35.9694,56.0336,33.24,74,35,8.39
Livramento,-60.1803,-3.0254,75.88,94,0,0.0
Aparecida do Taboado,-51.0936,-20.0867,65.88,88,97,9.22
Aykino,49.9922,62.2248,31.89,78,100,8.03
Zermatt,7.7491,46.0213,34.57,59,89,7.31
Kasane,25.15,-17.8167,77.67,49,6,10.8
Canutama,-64.3831,-6.5339,72.37,93,100,1.05
Turaif,38.6637,31.6725,65.97,52,16,2.64
Samus',84.6992,56.7475,52.86,52,60,6.15
Bajos de Haina,-70.0332,18.4154,79.32,84,70,8.39
Yining,114.5636,29.0361,54.59,97,100,3.29
Przasnysz,20.8803,53.0191,53.08,82,100,15.66
Waterlooville,-1.0304,50.8807,59.7,97,0,5.01
Campbellton,-66.6727,48.0075,44.98,97,98,3.65
Sucre,-65.2627,-19.0333,51.01,70,99,5.73
Lethem,-59.7968,3.3803,74.88,87,100,6.64
Cambará,-50.0736,-23.0464,55.33,82,42,8.93
New Bern,-77.0441,35.1085,53.19,90,1,4.61
Chu,73.7614,43.5983,70.34,22,96,4.16
Pelym,61.9978,61.0108,37.24,65,100,6.46
Umba,34.3429,66.6871,31.71,72,100,5.73
Marathon,-89.7668,44.9,52.32,78,1,3.44
Kattivākkam,80.3167,13.2167,93.29,61,31,7.61
Den Helder,4.7593,52.9599,60.42,90,75,23.0
Gryfice,15.2003,53.9165,56.86,85,100,17.94
Puerto Ayacucho,-67.6236,5.6639,72.14,89,99,3.29
Wani,78.95,20.0667,85.51,57,10,6.13
Río Gallegos,-69.2181,-51.6226,60.93,47,100,18.84
Caranavi,-67.55,-15.8167,61.09,87,100,1.92
Arrondissement de Limoux,2.1667,42.9167,56.01,82,74,4.34
Golspie,-3.978,57.9727,50.54,85,99,23.76
Yukamenskoye,52.2416,57.8865,34.2,71,100,7.34
Vista Hermosa,-99.2167,19.5167,60.44,65,40,0.0
Bahía Blanca,-62.2724,-38.7196,57.58,50,0,7.78
Rindal,9.2124,63.0565,45.46,95,100,3.8
Samarkand,66.9597,39.6542,69.22,18,100,9.22
Vestmanna,-7.1664,62.1564,34.72,69,90,31.07
Yokadouma,15.05,3.5167,69.85,99,100,0.98
Adzopé,-3.8619,6.1069,73.44,98,98,1.74
Falmouth,-5.0711,50.1544,59.13,88,40,23.02
Japura,102.35,-0.3167,77.97,92,100,1.59
Formosa,-58.1781,-26.1775,57.13,66,0,5.66
Turochak,87.1224,52.2576,53.78,37,77,2.8
Wunsiedel,12.0167,50.0333,48.88,87,99,5.01
Oktyabr'skiy,53.471,54.4815,37.71,68,100,12.28
Southbridge,-72.0334,42.0751,51.08,71,86,5.01
Romans-sur-Isère,5.0562,45.0464,64.11,68,90,21.85
Fasa,53.6482,28.9383,81.09,6,0,4.18
Māngrol,70.1167,21.1167,83.35,52,0,6.24
Darłowo,16.4107,54.421,56.95,89,100,21.7
George,22.4617,-33.963,56.75,100,75,1.14
Sakakah,40.2064,29.9697,73.81,31,5,1.95
Gberia Fotombu,-11.1667,9.8833,69.37,99,91,2.66
Praia,-23.5087,14.9215,81.14,47,20,14.97
Urazovo,38.0395,50.0836,39.7,62,15,8.7
Casablanca,-7.6192,33.5928,64.08,100,6,4.0
Menongue,17.691,-14.6585,73.8,62,83,2.35
Mestia,42.7278,43.0458,37.4,89,93,3.85
Cravo Norte,-70.2041,6.3017,78.08,79,92,1.48
Departamento de Maldonado,-54.9167,-34.6667,54.79,93,0,7.02
Kambove,26.5969,-10.8764,76.51,46,31,11.1
Pimentel,-79.9342,-6.8367,63.63,89,100,10.89
Cavalcante,-47.4583,-13.7975,70.39,79,92,1.05
Wala,12.3154,4.578,68.54,99,100,3.98
Araouane,-3.5265,18.9048,72.37,25,2,13.29
Petra,35.4793,30.3222,62.31,49,100,1.97
Kłobuck,18.9367,50.9008,56.8,58,100,17.25
Agadir,-9.5982,30.4202,74.23,42,76,2.64
Elizabeth City,-76.2511,36.2946,53.91,79,1,8.05
Punta Alta,-62.0736,-38.8759,57.02,56,0,9.1
El Real de Santa Maria,-77.7325,8.109,73.63,99,100,0.81
Quthing,27.7003,-30.4,64.02,24,0,7.09
Dogondoutchi,4.0287,13.6393,82.81,56,75,11.95
Dabakala,-4.4333,8.3667,73.29,96,100,4.47
Channel-Port aux Basques,-59.1367,47.5702,49.66,88,100,10.69
Stornoway,-6.3865,58.2093,50.31,87,40,14.97
Macomer,8.7699,40.262,45.43,79,10,2.15
Neustadt an der Waldnaab,12.0872,49.7117,47.95,89,82,4.21
Zelenoborsk,64.0333,61.4669,36.21,70,100,6.76
Mglin,32.8475,53.0591,36.57,58,100,10.92
Stulovo,50.1439,58.7225,35.6,68,100,5.99
Safaga,33.9365,26.7292,79.72,42,0,21.12
Adet,37.4888,11.2644,63.21,53,11,10.13
St. George's,-61.7485,12.0564,81.57,69,90,15.5
Alakurtti,30.3491,66.9672,26.92,72,100,6.73
Bjørnevatn,29.9847,69.6672,19.74,93,20,8.05
Novoseleznëvo,69.2056,55.6821,53.65,34,99,11.21
Catumbela,13.5472,-12.4314,77.83,69,88,1.79
Alliance,-81.1059,40.9153,48.51,83,2,7.02
Bucarasica,-72.8654,8.041,63.3,97,79,2.42
Sémbé,14.5806,1.6481,70.86,99,100,2.26
Tarko-Sale,77.785,64.9225,42.84,75,100,18.95
Kosa,54.9977,59.9445,34.11,76,100,6.73
Santo Tomas,121.1414,14.1079,81.93,88,100,7.4
Vila do Maio,-23.2167,15.1333,81.39,74,3,15.68
Nybro,15.9071,56.7446,57.04,96,100,12.06
Zemio,25.1361,5.0314,72.72,94,100,4.52
Marquette,-87.6335,46.5333,52.52,87,99,8.61
Kumluca,30.2869,36.3703,73.54,35,0,1.43
Indiana,-86.2503,40.0003,49.05,91,1,3.0
Matara,80.5353,5.9485,85.82,67,74,11.86
El Guamo,-74.9761,10.0316,74.55,94,19,3.06
Visby,18.296,57.6409,55.56,100,75,21.85
Palāsa,84.4167,18.7667,85.98,72,99,3.18
Söderhamn,17.0592,61.3037,47.73,97,100,10.33
Itarantim,-40.0656,-15.6597,70.02,91,89,2.48
Umm Kaddadah,26.6876,13.6017,87.42,14,7,20.54
Bumba,22.4667,2.1833,73.56,91,100,0.89
Tonneins,0.3124,44.3921,62.01,87,100,7.67
Mundgod,75.0333,14.9667,83.03,61,40,4.32
Cerinza,-72.9478,5.9557,45.25,90,98,2.68
Gal'bshtadt,78.9845,53.2264,54.43,36,61,11.9
Tirat Carmel,34.9719,32.7617,75.4,60,20,3.44
Guamo,-74.9701,4.0308,70.93,94,100,3.13
Nicoya,-85.452,10.1483,73.54,97,100,2.62
Kontagora,5.4695,10.3999,73.9,89,24,4.94
Bedford,-0.4663,52.1346,59.11,97,75,12.66
Boone,-92.3335,39.0334,57.54,71,1,3.0
Butterworth,100.3638,5.3991,87.98,72,40,6.91
Inhambane,35.3833,-23.865,72.61,54,58,11.39
Ürümqi,87.6005,43.801,56.35,31,76,4.47
Ābdānān,47.4198,32.9926,72.12,26,68,4.76
Sovetskiy,63.5842,61.3614,36.14,69,100,6.4
Pachino,15.0907,36.7186,66.24,69,0,2.68
Goundam,-3.6708,16.4145,81.48,15,35,13.96
Lamu,40.902,-2.2717,84.42,67,92,13.06
Manitouwadge,-85.8403,49.1215,40.51,79,100,9.98
Dudinka,86.1778,69.4058,34.34,99,100,17.49
Jaroměřice nad Rokytnou,15.8933,49.0941,48.97,92,40,4.61
Tingi,35.0333,-11.3,74.84,50,9,10.27
Kadyy,43.1903,57.787,35.92,80,100,6.93
Tambura,27.4667,5.6,77.58,73,97,6.42
Sertanópolis,-51.0364,-23.0586,57.27,86,23,10.29
San Rafael,-68.3301,-34.6177,63.05,28,2,8.16
Kalyazin,37.8433,57.2403,33.78,71,33,6.15
Setermoen,18.3486,68.861,28.36,90,100,9.13
Hazleton,-75.9746,40.9584,50.13,59,1,3.44
Corinth,22.9573,37.9407,61.79,82,0,3.38
Kāzerūn,51.6541,29.6195,85.62,11,0,8.81
Sol'vychegodsk,46.9156,61.3305,32.31,77,100,8.52
Derzhavīnsk,66.3167,51.1,54.79,33,100,15.28
Humboldt,-123.9178,40.6665,45.03,96,100,7.49
Tonstad,6.7169,58.6626,54.07,99,100,8.32
Surgut,73.4167,61.25,50.18,62,0,6.71
Tadpatri,78.0167,14.9167,92.48,44,85,4.99
Blagoyevo,47.9167,63.3667,32.83,72,84,9.24
Aripuanã,-60.6333,-9.1667,71.2,95,9,0.47
Storsteinnes,19.2344,69.2408,29.08,81,100,8.9
Rognan,15.3878,67.0953,34.61,83,100,11.48
Patitiri,23.8667,39.15,63.39,63,38,12.95
Road Town,-64.6167,18.4167,81.14,77,16,10.09
Mariental,17.9667,-24.6333,79.34,37,57,23.0
Raja,25.678,8.4596,76.51,73,100,5.86
Antri,78.2144,26.0567,87.31,36,4,8.32
Tall Kayf,41.0667,37.0833,72.79,28,75,4.61
São Miguel do Araguaia,-50.1628,-13.275,72.34,77,99,2.3
Lubango,13.4925,-14.9172,73.4,20,10,3.6
Amalner,75.0667,21.05,85.42,42,6,4.81
Maralal,36.698,1.0968,69.58,53,71,11.14
Beroroha,45.1667,-21.6667,92.5,31,55,4.56
Rovenki,39.3776,48.0833,40.6,53,12,12.37
Katsina,7.6006,12.9894,78.44,62,88,10.58
Vélingara,-14.1167,13.15,72.86,90,61,5.66
Pervomayskiy,40.2871,53.2485,35.13,86,100,8.79
Tchaourou,2.5975,8.8865,72.88,92,100,2.06
Tromsø,18.957,69.6496,31.17,55,20,11.5
Samara Oblast,50.0,53.0,39.34,57,13,11.68
Gemeente Rheden,6.05,52.0167,60.17,79,90,16.11
Bida,6.0167,9.0833,75.6,94,100,4.34
Mafinga,35.0667,-7.25,80.33,40,12,7.67
Irecê,-41.8558,-11.3042,75.02,58,64,6.24
Aksay,39.87,47.26,41.25,47,10,11.01
Esna,32.554,25.2934,81.05,31,0,17.05
Tambo,-73.9167,-14.8,38.75,57,98,1.3
Kisangani,25.2,0.5167,70.23,99,100,1.74
Rāmshīr,49.4092,30.8946,90.79,14,0,15.14
Colares,-9.4469,38.7992,63.3,84,40,3.0
Makat,53.3463,47.6469,49.08,46,11,23.33
Syamzha,41.0614,60.0158,32.4,77,58,4.94
Moose Factory,-80.6094,51.2585,42.78,93,90,12.66
Mariehamn,19.9348,60.0973,51.66,100,90,19.57
Minna,6.5569,9.6139,74.03,94,100,5.55
Panabá,-88.2667,21.2833,73.29,96,99,5.79
Lambaréné,10.2406,-0.7001,74.03,96,100,1.14
Kouango,19.9619,4.9934,72.43,97,100,2.1
Senno,33.9167,59.5336,31.26,76,100,8.46
Riohacha,-72.9072,11.5444,79.0,83,60,8.5
Øksfjord,22.3479,70.2396,27.77,85,100,12.01
Traipu,-37.0033,-9.9706,71.53,95,53,3.71
Aragarças,-52.2508,-15.8975,75.31,70,100,3.0
Madona,26.217,56.8533,41.68,95,100,12.3
Porto de Moz,-52.2383,-1.7483,71.67,96,22,2.73
Kirchzarten,7.95,47.9667,53.6,70,10,5.48
Khislavichi,32.1582,54.1871,35.46,59,100,12.35
Aksarka,67.7975,66.5606,32.58,88,33,10.76
Vágur,-6.8119,61.4732,40.59,72,100,34.72
Desaguadero,-69.0417,-16.5656,45.36,73,100,4.45
Loukhi,33.0381,66.0764,29.16,69,100,6.4
Tunceli,39.5471,39.1083,58.06,44,4,1.99
Lakhisarai,86.0932,25.1768,83.55,76,96,13.91
Ritchie,24.6028,-29.038,65.41,36,20,16.44
Carambeí,-50.0972,-24.9178,47.19,95,100,5.59
Maragogi,-35.2225,-9.0122,75.2,86,23,6.2
Benicarló,0.4271,40.4165,65.89,76,91,9.19
Zonguldak,31.8333,41.25,49.05,63,6,2.77
Oleksandrivka,32.2349,48.9634,44.91,48,74,5.35
Gazli,63.45,40.1333,71.04,37,100,10.29
Guderup,9.8717,54.9898,59.14,88,75,16.11
Gmina Śrem,17.0151,52.0887,56.39,71,100,13.82
Challans,-1.8749,46.8436,63.1,93,80,17.22
Polyarny,33.4478,69.1989,25.27,84,23,5.32
Ciocăneşti,25.85,44.6,49.57,72,1,5.88
Diamantino,-56.4461,-14.4086,71.38,91,100,3.44
Pilar,-35.9567,-9.5972,73.33,96,25,5.35
Krasnoyarskiy,59.8967,51.965,49.26,58,100,16.53
Zhovkva,23.9726,50.0583,49.93,61,100,14.7
Quryq,51.65,43.2,57.25,53,95,20.96
La Unión,-80.75,-5.4,65.95,80,23,10.27
Loandjili,11.8578,-4.7561,77.9,82,98,8.97
Farsund,6.8047,58.0948,55.06,79,100,17.29
Carmo do Rio Claro,-46.1189,-20.9719,62.55,93,100,5.48
Mahbūbābād,80.0167,17.6167,86.22,64,100,7.65
Benguela,13.4055,-12.5763,77.81,68,47,1.86
Tafresh,50.013,34.692,58.06,31,5,7.74
Ginir,40.7,7.1333,70.43,45,86,9.64
General Roca,-67.5833,-39.0333,64.62,31,0,18.72
Antsohihy,47.9875,-14.8796,92.25,28,74,5.46
Batalha,-37.1247,-9.6778,71.35,91,24,4.56
Balaguer,0.8109,41.7912,55.4,93,77,3.85
Subiaco,13.0941,41.9254,55.65,69,10,0.72
Eirunepé,-69.8736,-6.6603,70.68,99,99,2.46
Arrondissement de Saint-Denis,2.3333,48.9167,59.76,85,90,3.0
Masallātah,14.0,32.6167,69.12,65,19,10.29
Weligama,80.4167,5.9667,85.01,69,74,10.65
Tupelo,-88.7034,34.2576,52.95,81,1,0.0
Landau,8.1133,49.2075,53.22,89,84,9.51
Moroni,43.2551,-11.7022,79.88,70,11,5.26
Clervaux,6.0314,50.0547,51.17,96,100,13.47
Conceição da Barra,-39.7322,-18.5933,71.15,96,100,6.71
Halifax,-63.5724,44.6453,41.7,94,100,5.01
Lira,32.9097,2.235,74.79,73,100,4.45
Uglovoye,33.6045,44.8215,55.56,35,30,3.31
Ubari,12.7805,26.5921,71.24,50,95,18.79
Maxixe,35.3472,-23.8597,73.26,52,45,10.71
Shenkursk,42.896,62.1091,32.79,75,25,6.46
Xai-Xai,33.6442,-25.0519,70.95,50,1,7.81
Tsimlyansk,42.1019,47.6461,41.85,54,10,16.82
Lucea,-78.1736,18.451,79.86,79,100,11.54
Brusyanskiy,38.0937,53.9923,35.74,62,100,5.7
Telde,-15.4192,27.9924,72.7,40,0,3.0
Sikonge,32.7667,-5.6333,80.04,41,100,10.02
Port Said,32.2841,31.2565,73.62,60,19,10.87
Ciudad Guayana,-62.6528,8.3533,77.52,92,42,2.51
Acaraú,-40.12,-2.8856,78.8,81,86,8.5
Sjenica,19.9994,43.2731,47.26,60,4,3.6
Guatire,-66.5427,10.4762,76.21,96,35,1.03
Hwange,26.5019,-18.3693,76.48,47,5,8.21
Hashtrūd,47.0508,37.4779,55.44,50,8,3.98
Lapua,23.0088,62.9693,37.62,94,100,14.85
Sigulda,24.8647,57.1519,43.29,97,100,3.0
Rehoboth,17.0833,-23.3167,77.09,37,8,14.07
Sikandarpur,84.05,26.05,82.94,73,100,11.86
Tibiri,7.0485,13.5627,81.19,61,100,10.8
Lábrea,-64.7981,-7.2586,71.29,97,18,0.89
Sohag,31.6948,26.557,77.95,38,0,15.43
Harnai,67.9374,30.1005,86.0,7,0,4.68
Olmos,-79.7453,-5.9847,69.3,75,89,3.6
Ndjolé,10.7649,-0.1783,74.07,98,100,0.89
Guía de Isora,-16.7795,28.2115,68.0,58,76,2.73
Pompéu,-44.9353,-19.2244,65.21,93,100,4.79
Dvinskoy,45.1175,62.1535,32.5,78,52,8.14
Ishim,69.4902,56.1128,52.99,37,100,11.63
Meulaboh,96.1285,4.1363,78.67,82,100,3.53
Scarborough,-0.4044,54.2797,52.48,86,7,1.99
Krasnodarskiy Kray,40.0,45.0,49.42,43,7,9.69
Salamanca,-6.0,40.8333,58.37,72,100,6.31
Galle,80.217,6.0367,83.59,73,72,9.33
Owando,15.8999,-0.4819,69.87,99,100,1.39
Lenine,35.7771,45.2986,51.84,43,22,7.43
Sinazongwe,27.4618,-17.2614,76.53,57,99,8.81
Leland,-78.0447,34.2563,57.69,85,1,4.61
Celendín,-78.1517,-6.8703,53.24,89,100,1.86
Burgeo,-57.6152,47.6167,50.49,86,100,12.48
Playas,-80.3833,-2.6333,71.29,86,100,8.43
Sarkand,79.9186,45.41,65.79,19,6,5.06
Kirovskaya,40.0402,46.9748,43.34,47,48,13.76
Itamarandiba,-42.8589,-17.8572,65.44,97,97,1.74
Mayor Pablo Lagerenza,-60.7718,-19.9309,65.93,37,0,4.43
Dwārka,68.9678,22.2394,82.81,51,0,7.76
Stolac,17.9575,43.0844,49.78,61,0,3.04
Avaré,-48.9258,-23.0986,50.85,94,100,10.69
San Miguel de Cozumel,-86.9458,20.5083,75.27,100,40,4.61
Mezen',44.24,65.8522,33.53,75,37,11.65
Digras,77.7167,20.1167,83.17,52,8,7.7
Kisarawe,39.0667,-6.9,85.48,46,81,9.15
Ellsworth,-68.4195,44.5434,44.87,87,90,3.44
Acajutla,-89.8275,13.5928,78.26,83,100,7.81
Kankakee,-87.8667,41.15,50.95,93,1,0.0
Millinocket,-68.7098,45.6573,44.53,86,90,6.91
Yondó,-73.9097,7.0062,71.83,100,99,0.96
Dinar,30.1656,38.065,53.56,62,1,3.98
Hīt,42.8251,33.6416,79.65,33,5,10.42
Mombasa,39.6636,-4.0547,82.63,65,72,15.64
Baracoa,-74.4958,20.3467,78.3,88,100,6.24
Hornepayne,-84.7705,49.2138,40.87,81,100,9.22
Posse,-46.3694,-14.0931,69.49,79,27,1.52
Lerwick,-1.1494,60.1545,51.8,93,100,12.91
Quelimane,36.8883,-17.8786,77.59,69,72,12.06
St-Jean-Port-Joli,-70.2658,47.2171,43.52,81,100,4.41
Lixouri,20.4314,38.2019,68.0,73,20,0.0
Bayan,127.4,46.0833,45.61,36,0,8.41
Clearwater,-82.8001,27.9659,69.22,76,1,8.01
Garh Maharaja,71.9053,30.8339,96.8,5,0,6.06
Severodvinsk,39.8302,64.5635,33.91,72,100,8.72
Bristol,-71.1662,41.8334,52.61,73,1,4.61
Colan,-80.2296,7.5873,75.02,91,100,6.53
Le Port,55.2919,-20.9373,77.83,84,13,1.21
Spring Hill,-82.5255,28.4769,64.65,80,1,4.61
Mallaig,-111.3685,54.2169,31.01,44,17,13.71
Kourou,-52.6478,5.1552,79.11,85,99,5.64
Foumban,10.9001,5.7291,64.02,97,100,0.83
Sioux Lookout,-91.917,50.1001,32.5,78,7,6.71
Mokhotlong,29.0675,-29.2894,55.78,28,0,7.81
Balatonalmádi,18.0208,47.0353,51.1,81,76,8.46
Krutinka,71.5113,56.0055,50.88,45,100,13.11
Agadez,10.25,19.75,83.77,14,99,1.95
Uyemskiy,40.8524,64.4743,33.85,86,75,8.95
Bragança,-46.7656,-1.0536,73.13,97,3,1.72
Narva-Jõesuu,28.0408,59.4589,37.26,84,100,20.92
Ārya,73.0667,33.6,84.24,40,0,1.01
Bako,36.5667,5.7833,78.66,43,7,1.77
Narón,-8.1528,43.5167,64.33,93,14,10.27
Lena,-5.7333,43.1,52.3,88,34,5.32
Rovnoye,46.0509,50.7765,41.52,66,13,14.34
Anzio,12.6179,41.4853,57.61,74,7,1.7
Mehrān,46.1646,33.1222,83.68,22,100,9.33
Greeneville,-82.831,36.1632,46.47,81,1,0.0
Bogandé,-0.1436,12.9714,79.54,71,95,8.88
Togur,82.8265,58.3631,49.71,54,79,10.22
Mandapeta,81.9333,16.8667,89.94,67,100,1.63
Neẖalim,34.9139,32.0619,75.06,64,40,9.22
Kedrovyy,91.8167,56.1667,48.61,43,6,4.52
Haywards Heath,-0.1031,50.9977,59.88,94,75,3.0
Synya,58.0387,65.3718,33.24,92,97,8.16
Oddur,43.8894,4.1213,82.6,56,65,2.98
Saint Lawrence,14.204,36.0553,67.86,81,0,8.86
North Myrtle Beach,-78.68,33.816,57.24,79,1,5.75
Jurm,70.8342,36.8648,69.91,12,78,6.08
Malbork,19.0266,54.0359,57.76,90,100,17.29
Dongobesh,35.3833,-4.0667,67.3,55,100,10.47
Cerro Cama,-79.905,9.03,74.79,98,100,2.37
Lincoln,-96.667,40.8,62.44,74,1,4.0
Haverfordwest,-4.9691,51.8017,56.8,94,33,5.99
Chimoré,-65.1333,-16.9833,74.86,57,97,2.28
Carmelo,-58.2856,-33.9892,58.23,88,0,6.4
Moche,-79.0092,-8.1711,63.66,91,100,8.32
Mastic Beach,-72.8521,40.7668,58.35,67,0,1.01
Stepnyak,70.7803,52.8339,52.83,29,100,13.73
Bestöbe,73.0975,52.4994,58.14,25,41,14.29
Mercedes,-59.4307,-34.6515,51.82,94,0,7.18
Guantánamo,-75.2092,20.1444,74.77,93,95,4.59
Virginia Beach,-75.978,36.8529,55.18,70,1,8.05
Tessaoua,7.9874,13.7574,83.52,39,73,10.22
Grand Baie,57.5802,-20.0182,80.46,63,25,8.99
Venado Tuerto,-61.9688,-33.7456,52.77,75,0,9.08
Jodhpur,73.03,26.2867,91.09,19,0,10.89
Mendeleyevo,37.2167,56.0333,33.4,80,40,11.18
Verkhnyaya Inta,60.3094,65.9811,31.98,87,98,13.4
Remanso,-42.0831,-9.6179,78.1,54,81,3.51
Thunder Bay,-89.3168,48.4001,45.3,78,67,3.0
Dhangadhi,80.5961,28.7079,83.28,69,25,5.73
Duekoué,-7.3496,6.7472,72.03,99,100,2.51
Anderson,-82.6499,34.5334,50.41,96,1,0.0
Nador,-2.9287,35.174,66.45,88,75,4.61
Melivoia,22.8,39.75,53.22,74,0,1.43
Fort Abbas,72.8536,29.1925,95.67,7,0,9.46
Floriano,-43.0225,-6.7669,76.71,68,16,2.59
Milledgeville,-83.2321,33.0801,51.75,91,98,2.89
Willowmore,23.4895,-33.2926,67.06,26,0,4.07
Polonnaruwa,81.0,7.9333,94.95,45,100,3.85
Calama,-68.9333,-22.4667,46.89,27,0,2.04
Rodrigues Alves,-72.6509,-7.738,70.57,98,95,2.35
Satipo,-74.6386,-11.2522,69.4,99,100,0.47
Mmabatho,25.6333,-25.85,62.82,49,6,16.78
Chiredzi,31.6667,-21.05,61.09,64,100,4.32
Berbera,45.0143,10.4396,87.67,50,16,6.2
Manaus,-60.025,-3.1019,79.29,94,0,2.3
Mbini,9.6134,1.574,76.06,87,100,2.42
Kargasok,80.8572,59.0556,50.74,58,85,11.92
Kitgum,32.8867,3.2783,79.29,57,100,5.66
Kompaniyivka,32.208,48.2511,46.02,45,13,4.7
Eura,22.1333,61.1333,42.58,93,100,15.05
Forest Acres,-80.9898,34.0193,51.03,88,1,0.0
Oussouye,-16.5469,12.485,82.49,81,25,6.69
Bom Jesus,-44.3586,-9.0744,74.82,70,30,0.69
Shubarshi,57.1869,48.5872,44.56,78,100,17.02
Calabozo,-67.4293,8.9242,73.71,83,19,4.41
Atocha,-66.2333,-20.9333,38.21,12,0,6.24
Ørje,11.6602,59.4802,48.9,97,100,13.29
Yorosso,-4.7761,12.3536,73.89,85,14,5.75
Gachsaran,50.7981,30.3586,86.34,12,0,7.25
Kibala,18.3463,9.1104,76.95,78,40,9.22
Guiratinga,-53.7583,-16.3494,72.07,77,9,1.97
Minas,-55.2377,-34.3759,51.53,92,0,8.68
Lugoba,38.3333,-6.45,83.86,47,100,5.77
Harrisonburg,-78.8689,38.4496,44.94,87,1,0.0
Kirovskiy,133.5136,45.0917,38.95,42,100,7.36
Dunmore Town,-76.65,25.5,78.89,65,100,16.2
Tutóia,-42.2744,-2.7619,78.67,82,5,8.95
Nyagan,65.3936,62.1406,36.43,69,100,7.67
Nikolskoye,30.7861,59.7035,34.07,65,100,12.55
Guarapari,-40.4975,-20.6667,69.69,97,100,14.2
Onguday,86.15,50.75,52.45,25,7,3.13
Balyqshy,51.8667,47.0667,48.2,61,0,24.61
Chimoio,33.4833,-19.1164,57.06,100,75,10.36
Ascension,-90.9001,30.2169,68.36,89,90,0.0
Inta,60.1659,66.0317,32.22,88,97,14.74
Zvenigovo,48.0181,55.9742,36.55,78,100,7.47
Itacarambi,-44.0919,-15.1022,71.85,88,25,1.52
Ewo,14.8206,-0.8725,70.29,96,100,1.63
Solone,34.8721,48.2081,39.61,53,10,3.76
Nicolás Bravo,-88.9167,18.45,72.36,99,98,0.98
Iquitos,-73.2472,-3.7481,75.24,94,90,3.44
Gamba,10.0,-2.65,76.95,80,100,5.01
Warri,5.75,5.5167,75.79,93,100,2.84
Lakselv,24.9718,70.0513,17.42,86,0,14.97
Isāgarh,77.8833,24.8333,84.31,37,6,9.78
Troitsko-Pechorsk,56.1964,62.7084,34.59,81,99,8.3
Aras,-2.356,42.5617,56.91,97,90,6.91
Nyakahanga,31.1414,-1.6033,73.71,53,100,2.93
Ilo,-71.3375,-17.6394,61.2,84,100,5.91
El Salvador,-88.9167,13.8333,68.4,98,100,0.89
Sebastian,-94.2669,35.1668,56.01,77,2,4.68
Arrondissement de Rennes,-1.6667,48.1667,61.93,88,90,11.5
Angoche,39.9086,-16.2325,79.79,70,53,14.5
Messina,15.5497,38.1933,66.72,71,20,3.0
Manono,27.4167,-7.3,80.58,70,60,1.41
Pangoa,-73.0,-12.1167,67.39,99,100,1.01
Bobo-Dioulasso,-4.2979,11.1771,73.85,100,20,1.14
Zharkent,80.0,44.1628,66.24,17,100,2.17
Sivas Province,37.0019,39.7916,41.63,75,75,9.22
Province of Mantua,10.7833,45.1667,50.92,97,17,4.61
Gēdo,37.45,9.0167,60.42,49,100,9.15
Folldal,9.9968,62.1325,37.27,99,100,6.89
Rincon,-81.2354,32.296,52.99,93,1,0.0
Cradock,25.6192,-32.1642,69.48,21,0,7.14
Cilibia,27.0667,45.0667,54.21,65,0,11.59
Borba,-59.5939,-4.3878,73.72,87,81,1.01
Novyye Burasy,46.0714,52.1324,37.85,60,10,13.2
Amherst,-82.2224,41.3978,51.73,80,1,4.61
Sontra,9.9333,51.0667,52.81,92,98,10.89
Senneterre,-77.2328,48.3835,35.82,94,0,2.66
Prainha,-53.48,-1.8,72.97,94,100,2.06
Tizimín,-88.15,21.15,73.06,96,100,4.43
Sānchor,71.7722,24.7553,91.42,28,0,10.02
Nokaneng,22.2667,-19.6667,73.15,50,13,11.79
Manjacaze,33.8828,-24.7117,72.59,44,0,7.14
Santa Cruz de La Palma,-17.7642,28.6835,75.34,46,20,10.36
Gopālpur,84.9167,19.2667,86.7,68,99,1.48
Mahrīz,54.4318,31.5917,73.9,6,0,2.19
Medak,78.2667,18.0333,83.3,57,48,8.57
Mantenópolis,-41.1228,-18.8625,67.68,96,100,3.91
Boa Vista,-60.6733,2.8197,76.98,83,75,4.61
Kommunisticheskiy,64.4819,61.6789,35.85,69,99,7.14
Chennai,80.2785,13.0878,93.18,59,40,5.75
Gelibolu,26.6708,40.4103,58.86,73,34,12.93
Marolambo,48.1167,-20.05,82.8,41,13,5.59
Paducah,-88.6001,37.0834,50.18,92,1,0.0
Bushehr,50.8385,28.9684,84.29,30,0,4.61
Selma,-119.6121,36.5708,53.67,71,100,5.97
Barra do Garças,-52.2567,-15.89,75.22,70,100,3.02
Shuya,41.3883,56.8487,35.87,73,46,7.63
Białogard,15.9875,54.007,56.75,86,100,17.56
Totness,-56.3167,5.8833,77.76,85,74,7.76
Calatayud,-1.6432,41.3535,58.41,65,85,4.74
Tabas,56.9244,33.5959,81.54,10,0,2.8
Arroyo de la Encomienda,-4.7969,41.6096,57.83,82,75,8.05
Pionerskiy,20.2275,54.9508,55.24,91,100,25.75
Endicott,-76.0494,42.0984,52.56,73,1,1.01
Zhob,69.4481,31.3411,78.44,9,0,4.34
Toamasina,49.3833,-18.1667,82.4,65,40,4.61
Awjilah,21.2869,29.1081,72.23,50,0,12.06
Monchegorsk,32.8739,67.9397,27.79,73,100,4.74
Chokwé,32.9833,-24.5333,71.35,47,0,5.23
Porto Seguro,-39.0647,-16.4497,75.72,88,40,3.44
Lafiagi,5.4167,8.8667,75.92,93,100,4.94
Thomasville,-80.082,35.8826,50.65,78,100,5.23
Gwadar,62.3254,25.1216,82.11,63,0,7.67
Beberibe,-38.1306,-4.1797,83.16,71,100,10.65
Were Īlu,39.4333,10.6,61.03,37,72,13.33
Roura,-52.3274,4.7263,75.11,94,90,1.14
Sept-Îles,-66.3821,50.2001,46.83,93,82,3.44
Shakawe,21.85,-18.3667,78.89,46,71,10.96
Djibouti,42.5,11.5,85.42,41,94,13.6
Äänekoski,25.818,62.6946,33.87,97,100,16.22
Ratnagiri,73.3,16.9833,83.89,65,96,7.38
Örnsköldsvik,18.7153,63.2909,45.55,100,90,10.36
Bereket,55.5154,39.2446,67.1,52,15,6.73
Conakry,-13.6773,9.538,77.07,94,75,4.61
Goba,39.9833,7.0167,59.41,51,95,7.92
Bakel,-12.4568,14.905,81.97,23,100,4.92
Biu,12.1946,10.6129,75.72,74,45,8.55
São Domingos,-46.3183,-13.3983,73.08,79,49,1.45
Chany,76.7647,55.3121,50.7,45,70,13.04
Kyshtovka,76.6271,56.555,50.72,46,91,12.64
Zabul Province,67.25,32.25,71.13,11,0,9.31
Boali,18.1275,4.8005,73.62,94,100,2.48
Kondoa,35.7833,-4.9,75.6,43,98,8.23
Diffa,12.6113,13.3154,88.59,16,14,1.72
Hukuntsi,21.75,-24.0,66.9,50,12,20.49
Kayamkulam,76.5,9.1833,85.55,69,98,10.0
Agra,78.0167,27.1833,88.99,34,0,6.44
Ovalle,-71.2003,-30.5983,53.85,90,38,1.9
Yabrūd,36.6574,33.9674,55.06,64,0,1.79
Edéa,10.1333,3.8,78.58,99,100,1.32
Kikwit,18.8162,-5.041,70.77,96,100,0.45
Kluczbork,18.2182,50.9728,51.98,65,100,13.6
Santiago del Estero,-64.2615,-27.7951,59.81,36,0,6.73
Kurisove,30.9591,46.9695,52.25,64,11,3.91
Bafoulabé,-10.8321,13.8065,78.55,51,85,2.3
Tosya,34.0401,41.0155,49.01,58,54,3.78
Vodnyy,53.4095,63.5046,34.07,86,100,8.77
Mahalapye,26.8142,-23.1041,61.39,55,9,15.66
Thyolo,35.1405,-16.0678,64.99,80,96,8.39
Agirish,63.0231,61.9247,35.69,67,92,8.32
Banda Aceh,95.3222,5.5577,77.2,90,100,6.04
Colquechaca,-66.0167,-18.6667,31.78,77,52,3.85
Tarnów,20.987,50.0138,54.21,66,100,10.83
Kisesa,34.15,-3.0833,77.0,45,100,9.48
Talavera de la Reina,-4.8308,39.9635,65.61,70,83,5.7
Caucasia,-75.1935,7.9865,73.6,96,98,2.51
Santa Cruz del Sur,-77.9956,20.7147,75.6,89,100,9.91
Cervo,-7.4101,43.6702,64.4,87,48,10.38
Médéa,2.7539,36.2642,46.85,45,87,6.69
Novo Aripuanã,-60.3797,-5.1206,73.87,90,50,0.18
Temir,57.13,49.1414,42.15,88,100,14.43
São Marcos,-51.0681,-28.9711,48.2,96,15,3.27
Gobabis,18.9667,-22.45,71.26,51,97,23.22
Puerto Nariño,-70.3831,-3.7703,73.35,99,100,2.59
Gedinne,4.9367,49.9804,56.93,73,100,13.13
Arak,49.6892,34.0917,59.76,36,0,11.5
Dawlatabad,64.9053,36.4141,77.14,9,41,4.94
Troianul,25.0,44.0,53.11,72,0,2.57
Larsnes,5.5773,62.2028,51.46,94,100,6.04
Angoulême,0.15,45.65,61.86,76,0,9.22
Marystown,-55.1483,47.1666,52.86,100,100,14.65
Buritama,-50.1472,-21.0661,61.34,84,100,12.64
Prieska,22.7474,-29.6641,75.22,33,71,14.41
Gravdal,13.5031,68.1214,33.69,93,75,19.57
Ziarat,67.7282,30.3823,68.56,11,0,5.48
Tigre,-58.5796,-34.426,58.1,91,0,2.3
Sabaudia,13.0282,41.3003,58.32,72,7,3.15
Willemstad,-68.9335,12.1084,82.31,83,20,9.22
Isiro,27.616,2.7739,68.7,98,100,2.13
Ozinki,49.6769,51.1786,40.8,72,88,15.39
Baião,-49.6717,-2.7906,71.65,99,49,1.97
Cape Coast,-1.2466,5.1053,78.15,86,100,6.78
Middleton,-2.2,53.55,52.32,93,14,4.56
Epe,3.9834,6.5841,77.09,90,96,3.27
Olinda,-34.8553,-8.0089,80.33,78,75,3.44
Rypefjord,23.6667,70.6333,21.67,79,0,8.05
Acarí,-74.6158,-15.4311,65.68,76,100,2.77
Glens Falls,-73.644,43.3095,51.28,87,1,5.46
Storebø,5.2271,60.0948,53.56,95,99,5.01
Ormstown,-73.9992,45.1334,47.26,94,90,9.82
Nikki,3.2108,9.9401,73.83,91,100,5.44
Schruns,9.9475,47.0709,51.49,100,100,8.77
Opuwo,13.84,-18.0607,75.49,17,13,3.44
Madimba,40.3333,-10.4,82.09,64,16,8.08
Williamsburg,-76.7075,37.2707,52.84,86,1,5.75
Kanevskaya,38.9596,46.0849,49.21,45,100,10.78
Outjo,16.15,-20.1167,77.13,34,52,13.4
Dehlorān,47.2679,32.6941,83.71,17,74,4.54
Osuna,-5.1075,37.2377,62.91,66,37,5.26
Azul,-59.8585,-36.777,49.33,79,0,6.31
Mufumbwe,24.8,-13.6833,75.45,58,100,10.63
Nizhniy Chir,43.0865,48.3597,44.94,64,62,15.66
Arrondissement de Saint-Malo,-1.8333,48.5,61.02,60,2,17.65
Oudtshoorn,22.2014,-33.5907,55.76,26,2,2.95
Corrales,-106.6067,35.2378,49.23,42,1,5.01
Dzilam González,-88.9333,21.2833,72.66,97,100,4.29
Serenje,30.2352,-13.2325,70.29,57,66,12.44
Flores,-89.8994,16.9226,72.12,99,95,1.36
Kopychyntsi,25.9103,49.1044,48.54,90,100,8.14
Vera Cruz,-41.0333,-12.6333,69.89,84,60,4.29
Marovoay,46.6333,-16.1,91.54,30,1,7.0
Desbiens,-71.9495,48.4178,43.43,90,100,11.52
Ambanja,48.45,-13.6833,84.13,48,8,6.22
Kodīnar,70.7031,20.7903,84.56,51,0,5.39
Buenaventura,-77.0312,3.8801,60.91,96,78,1.92
Boende,20.8667,-0.2167,73.42,93,100,1.83
Umarkot,69.7362,25.3616,94.14,21,0,12.35
Mandera,41.867,3.9366,83.1,60,99,9.53
Udangudi,78.0167,8.4333,93.38,62,75,10.07
Big Rapids,-85.4837,43.6981,51.85,90,1,4.61
Arrondissement de Morlaix,-4.0,48.5833,60.94,91,90,23.02
Arrondissement de Cambrai,3.4167,50.1667,58.05,95,100,1.99
Bouna,-3.0,9.2667,73.8,92,100,4.81
Bogo,124.0055,11.0517,86.67,65,100,3.24
Mazamari,-74.5308,-11.3258,69.3,98,100,0.76
Hūn,15.9477,29.1268,67.75,65,100,13.62
Simav,28.9777,39.0882,55.92,61,3,4.92
Machala,-79.9667,-3.2667,71.87,90,100,3.56
San-Pédro,-6.6363,4.7485,77.18,88,100,3.4
Kolyvan',82.7391,55.3053,55.02,40,55,8.66
Phalaborwa,31.1411,-23.943,69.08,44,5,3.53
Diu,70.9822,20.7141,84.29,54,0,5.39
Greenwood,-82.1165,34.1668,48.47,100,1,0.0
Cap-aux-Meules,-61.8597,47.3821,48.22,87,99,5.75
Manama,50.5832,26.2154,89.46,58,0,17.27
Orocué,-71.3354,4.7912,74.34,89,96,2.98
Kédougou,-12.1743,12.5579,79.38,94,20,2.3
Goryachegorsk,88.9154,55.4053,52.39,36,6,4.72
Betlitsa,33.9588,54.0095,34.81,65,100,7.83
Nchelenge,28.734,-9.3451,81.86,40,17,6.53
Camaná,-72.7111,-16.6228,61.75,87,100,6.62
Buriti Alegre,-49.0403,-18.14,66.51,94,24,2.08
Kropachëvo,57.9896,55.0112,35.56,73,100,9.17
Kapuskasing,-82.4331,49.4169,42.8,87,90,10.36
Nazaré,-39.0144,-13.035,72.86,92,98,2.1
Hirtshals,9.9592,57.5881,59.04,94,90,21.85
Tena,-77.8167,-0.9833,67.93,96,100,2.59
Leverkusen,7.0,51.0333,59.99,76,100,11.61
Ouadda,22.4007,8.0777,74.01,86,100,5.97
Okahandja,16.9167,-21.9833,79.11,44,13,20.24
Agüimes,-15.4461,27.9054,71.91,41,20,17.27
Nagapattinam,79.8333,10.7667,89.71,59,93,7.09
Unaí,-46.9061,-16.3575,69.85,90,85,0.43
Lebyazh'ye,66.4947,55.2689,55.02,28,97,8.61
Valdez,-78.9831,1.2492,75.4,90,100,2.06
Itaqui,-56.5531,-29.1253,55.35,81,0,7.58
Krosno Odrzańskie,15.0988,52.0549,57.4,68,100,11.27
Suwałki,22.9309,54.1118,48.69,95,100,16.4
Ponto Novo,-40.1336,-10.8628,69.8,87,15,3.67
Malanville,3.3899,11.8685,78.15,76,83,8.28
Laas,10.7002,46.6166,44.08,79,100,3.47
Asenovgrad,24.8667,42.0167,49.19,81,20,2.3
Mahibadhoo,72.9667,3.7833,82.27,71,7,13.8
Jutaí,-68.9,-5.1833,70.79,95,38,3.02
East Stroudsburg,-75.1813,40.9995,53.55,74,5,4.9
Irauçuba,-39.7833,-3.7461,76.5,78,75,2.35
Florianópolis,-48.5012,-27.6146,59.65,88,75,5.75
Topchikha,83.1185,52.8192,55.98,38,68,5.93
Sokoni,39.55,-6.4333,77.95,77,97,12.03
Wamba,8.6,8.9333,74.84,91,100,4.21
Zavallya,30.0156,48.2135,48.42,70,100,7.31
Tobol,62.5794,52.6844,53.06,35,100,10.71
Polessk,21.1028,54.862,55.45,88,100,18.19
Lubao,120.55,14.9167,86.07,63,100,7.09
Birr,-7.9133,53.0914,48.11,96,99,1.45
New Smyrna Beach,-80.927,29.0258,67.1,65,6,6.46
Nuevo Imperial,-76.3172,-13.0754,63.32,82,100,2.21
Caribou,-68.012,46.8606,42.1,90,90,3.0
Zabid,43.3152,14.1951,91.35,52,86,4.83
Vytegra,36.4481,61.0064,32.38,76,100,7.23
Palmeiras de Goiás,-49.9258,-16.805,69.93,86,100,1.45
Greytown,30.5928,-29.0642,64.72,46,0,4.14
Harar,42.1258,9.3094,73.09,22,28,14.74
Bhasāwar,77.0333,27.0333,89.8,26,0,9.15
Duminichi,35.1099,53.9345,34.77,70,100,6.33
Aleppo Governorate,37.5,36.25,70.41,38,0,5.06
Chhabra,76.8333,24.6667,84.0,48,6,6.8
Curvelo,-44.4308,-18.7564,68.36,92,100,4.68
Bayjī,43.487,34.9311,79.41,31,0,7.61
Baraki Barak,68.9486,33.9675,68.41,9,0,1.95
Koygorodok,50.9968,60.445,34.05,79,100,6.11
Bakhmach,32.7569,51.1808,39.49,58,100,8.61
Sarāhan,77.8,31.5167,67.01,42,1,6.33
Santa Marinella,11.8536,42.0345,56.75,88,5,3.76
Kalaiya,85.0022,27.0327,74.32,96,100,6.93
Kaupanger,7.2404,61.1845,54.09,93,75,6.91
Yantzaza,-78.7594,-3.8278,64.04,98,99,0.85
Stupino,38.0708,54.9008,32.88,71,97,6.04
Abapó,-63.4667,-18.8333,68.11,48,100,1.03
Kintampo,-1.7306,8.0563,72.93,93,100,3.2
Iznoski,35.3108,54.9881,33.67,73,93,6.29
Mirandola,11.0662,44.8868,53.02,75,52,4.05
Ahtopol,27.95,42.1,55.87,62,68,4.76
Kanhangad,75.1063,12.3081,84.43,71,100,8.59
Kocsér,19.9207,47.0017,47.12,87,75,6.91
Watsa,29.5355,3.0372,69.26,90,100,1.99
Mitha Tiwana,72.1108,32.2486,92.8,12,0,4.59
Escanaba,-87.0646,45.7453,52.11,83,75,0.0
Al Bardīyah,25.0865,31.7561,70.99,59,0,6.33
Las Tunas,-76.9511,20.9617,73.53,94,99,5.61
